palavra,posicao,views,likes,comentarios,shares,salvos,engajamento_pct,duracao_s,data,idioma,autor,seguidores,texto,url,tambem_achado_por,observacao
perder barriga,1,10100000,285700,1313,79900,161551,3.63,177,2026-03-13,en,you1stlondon,8300000,Save this workout and try at home 🔥 #abs #bellyfat #fitnessmotivaton #viral #fyp,https://www.tiktok.com/@you1stlondon/video/7616767793484057878,secar barriga,
perder barriga,2,2900000,96500,446,12400,38500,3.77,234,2026-05-25,pt,treinadorajessica,1000000,"CARDIOZÃÃOO INTENSO PARA PERDER BARRIGA 🔥   Pra você começar bem a semana, já guarda aí para fazer comigo   ▶️ aperta o play e me acompanha, vamos fazer uma sequência de 8 exercícios  ⏸️ descansa 1 minuto ao finalizar o último exercício  🔁 repete tudo por 4/5x   Motive alguém com esse treino 💕   #viral #explore #gym",https://www.tiktok.com/@treinadorajessica/video/7643643936711511314,secar barriga,
perder barriga,3,2100000,68300,724,23400,46012,4.4,42,2026-07-11,pt,caiofonsecapersonal,78500,✅CLICA NO LINK DO MEU PERFIL PARA PARTICIPAR DO MEU NOVO DESAFIO DE EMAGRECIMENTO #saudedamulher #academia #saude #emagrecimento,https://www.tiktok.com/@caiofonsecapersonal/video/7661236711246089479,secar barriga,
perder barriga,4,1300000,54400,245,20100,15790,5.75,43,2026-02-27,pt,objetos_ia,127400,"Você ja sabia dessa dica? Comenta ai  🌾✨ CHIA + LINHAÇA PARA EMAGRECIMENTO: FUNCIONA?  👉 Ajuda, sim — mas não faz milagre sozinho 👀 Elas auxiliam porque aumentam saciedade, regulam o intestino e controlam o apetite.  ⸻  🧠 Por que ajudam a emagrecer?  🌾 1️⃣ Ricas em fibras  • Absorvem água • Incham no estômago • Dão sensação de saciedade  ➡️ Você sente menos fome ao longo do dia.  ⸻  🥑 2️⃣ Gorduras boas (ômega-3)  • Ajudam no controle da inflamação • Podem melhorar metabolismo  ⸻  🚽 3️⃣ Regulam o intestino  • Melhoram o trânsito intestinal • Reduzem inchaço abdominal  ⸻  🍬 4️⃣ Ajudam a controlar glicose  • Evitam picos de açúcar no sangue • Reduzem compulsão por doce  ⸻  🧪 Como usar do jeito certo  ✔️ 1 colher (sopa) de chia ✔️ 1 colher (sopa) de linhaça  👉 Misturar em: • Iogurte • Vitamina • Aveia • Salada • Água (deixar hidratar 10–15 min)  💧 Sempre consumir com bastante água.  ⸻  ⚠️ Importante  ❌ Sozinha não emagrece ❌ Precisa de alimentação equilibrada ❌ Excesso pode causar gases  ⸻  ✨ Resumo  Chia + linhaça = mais saciedade + intestino regulado = ajuda no processo de emagrecimento 😅  👉 SALVA esse post 👉 COMPARTILHA com quem quer perder peso",https://www.tiktok.com/@objetos_ia/video/7611641624384310549,,
perder barriga,5,1200000,65600,630,4581,32101,5.9,79,2026-05-11,pt,hercrus_calistenia1,118600,você quer definir seu abdômen treinando em casa sem equipamentos? me segue!   #treinoemcasa #calistenia #flexao #calistenics #iniciante,https://www.tiktok.com/@hercrus_calistenia1/video/7638677024797986066,,
perder barriga,6,1100000,44200,293,5239,22235,4.52,240,2026-08-30,un,.coachbettyna,581600,#viralvideo #fatloss #flattummy #homeworkout #flatbelly,https://www.tiktok.com/@.coachbettyna/video/7679824366061980930,secar barriga,
perder barriga,7,1100000,54800,192,10900,35967,5.99,21,2026-08-29,pt,geisy_laryfit,198000,🔥FAÇA ESSES 4 EXERCÍCIOS E TRANSFORME SEU ABDÔMEN🔥#workout #treino #foryou,https://www.tiktok.com/@geisy_laryfit/video/7679565043067079956,secar barriga,
perder barriga,8,945500,21500,118,20400,4906,4.44,19,2026-01-24,pt,jamilajulia1,94500,Treino para secar barriga 🔥,https://www.tiktok.com/@jamilajulia1/video/7598948775666748693,secar barriga,
perder barriga,9,844900,26000,169,11200,11333,4.42,50,2026-06-04,pt,fabiosantostl,20200,"Faça esse treino se quer acabar com a barriga em casa.   30x por 2 a 4 rouds.   Não esqueci de curtir, comentar, compartilhar com aquela amiga e já me segui 👇🏽",https://www.tiktok.com/@fabiosantostl/video/7647578682139168018,secar barriga,
perder barriga,10,791500,31400,118,3508,6370,4.43,115,2026-07-22,pt,personalnatany,19400,Quer colocar o treino a favor do seu emagrecimento? Clica no link da Bio e vem falar comigo!,https://www.tiktok.com/@personalnatany/video/7665305973690486034,,
perder barriga,11,684300,16700,230,3378,6355,2.97,154,2025-10-12,pt,treinadorajessica,1000000,Sequência completa com apenas 4 exercícios para te ajudar a perder barriga 🔥🔥   Boraaa fazer junto comigo? Aperta o play e vamosss   ▶️ me segue nessa sequência de quatro de exercícios seguidos  ⏸️ descansa 30 segundos quando finalizar o último exercício  🔁 repete a sequência toda por 5x   Motive alguém com esse treino 💕  #gym #viral #hiitwokout,https://www.tiktok.com/@treinadorajessica/video/7560147513739709707,,
perder barriga,12,559300,24800,166,5458,8181,5.44,23,2026-05-16,pt,_luizamota,1400000,"💥 TREINO DE ABDÔMEN EM CASA 💥 Sem equipamentos e usando só uma cadeira 👀  Você pode fortalecer todo o seu abdômen fazendo esse circuito simples e eficiente ⬇️  👉 Comece com 20 encolhimentos de joelho sentado Ativa o abdômen inferior e já começa a aquecer a região  👉 Depois faça 20 toques nos pés alternados Aqui você trabalha abdômen e coordenação ao mesmo tempo  👉 Em seguida, 1 minuto de nadador Esse exercício ativa o core por completo e ajuda na estabilidade  👉 Faça 20 repetições de abre e fecha Ótimo para gerar tensão contínua no abdômen  👉 Finalize com 20 toques laterais buscando encostar no chão Entra forte no abdômen lateral e fecha o treino com chave de ouro  🔁 Repita esse circuito de 2 a 3 vezes Descanse apenas o necessário para manter a execução bonita e controlada  🔥 Resultado Abdômen mais forte, mais resistente e mais funcional Tudo isso sem sair de casa  📌 Já salva pra fazer depois 👊 Me siga pra mais treinos práticos e sem desculpa . #vaiprofycaramba #fitness #dicasfitness #viraltiktok",https://www.tiktok.com/@_luizamota/video/7640333851281329428,,
perder barriga,13,536700,25700,594,5285,16264,5.88,78,2026-01-22,pt,maesquetreinam,236600,"✨ Diástase é o afastamento e a flacidez dos músculos da barriga, algo muito comum depois da gestação.  Mas deixa eu te contar uma coisa importante: 👉 não importa quanto tempo já passou desde o seu parto. Músculo não tem idade — ele responde ao estímulo certo. 💪  Vou te mostrar uma sequência simples e eficaz, que ajuda a deixar a barriga mais reta e estimular o fechamento da diástase.  Antes disso, já faz assim: 👉 me segue aqui no @maesquetreinam, porque todos os dias tem vídeo novo pra te ajudar 💙  👇 Sequência:  🔹 1º exercício Ative a barriga puxando bem o ar e soltando. Suba o tronco e segure por 10 segundos.  🔹 2º exercício Ative novamente a barriga, suba o tronco e puxe a perna em direção ao corpo. ➡️ 5 repetições de cada lado.  🔹 3º exercício Ative a barriga, suba o tronco, recolha bem o umbigo para dentro, eleve a perna e desça até a linha do joelho. ⏱️ Segure 5 segundos de cada lado.  ✅ Repita essa sequência dia sim, dia não, para ajudar a deixar a barriga mais firme e estimular o fechamento da diástase.  💬 E se você quer saber como funciona meu acompanhamento para treinar em casa, comenta aqui embaixo:  👉 EU QUERO 💜e Vem Pro Time 💃🏻",https://www.tiktok.com/@maesquetreinam/video/7598191751890865415,,
perder barriga,14,461400,11100,66,1122,1901,2.66,131,2026-08-05,un,personalnatany,19400,,https://www.tiktok.com/@personalnatany/video/7670490555041844488,,
perder barriga,15,394500,12000,82,1792,3393,3.52,62,2026-03-14,pt,eullergym,279900,3 melhores cardios para secar e perder gordura rápido   #cardio #gym #secarbarriga #perdergordura #perderpeso,https://www.tiktok.com/@eullergym/video/7617118748322958613,"secar barriga, perder peso",
perder barriga,16,310300,10700,186,6465,3285,5.59,46,2026-08-20,pt,eusouleandrofernandes,61600,Siga esse perfil para mais dicas! Topa fazer ?,https://www.tiktok.com/@eusouleandrofernandes/video/7675938443637083412,,
perder barriga,17,297300,9592,181,11500,1636,7.16,61,2025-10-10,pt,eusouleandrofernandes,61600,Topa fazer? Já siga esse perfil para mais dicas de emagrecimento.  #perderpeso #sedentarismo #emagrecercomsaude #perderbarriga #emagrecer,https://www.tiktok.com/@eusouleandrofernandes/video/7559544484791373112,,
perder barriga,18,293100,9614,42,1562,8832,3.83,24,2026-09-01,un,gymtrainer81,196000,#foryoupage❤️❤️ #trendingvideo #unfreezemyaccaunt🙏🙏🙏 #unfreezemyacount #gymtrainers,https://www.tiktok.com/@gymtrainer81/video/7680490421004324116,secar barriga,
perder barriga,19,270800,14000,74,2635,6457,6.17,124,2026-08-02,pt,rocharenato.rr,1200000,"Mãe, segue o personal das mamães pra aprender a acabar com a barriga inchada e fechar sua diástase 😱❤️",https://www.tiktok.com/@rocharenato.rr/video/7669404830447848711,,
perder barriga,20,191500,10900,43,930,5548,6.2,36,2026-04-26,pt,henrick.personal,45700,#creatorsearchinsights  chegar de pochete ne? #fitness #corpo #saude,https://www.tiktok.com/@henrick.personal/video/7633146125687524628,,
perder barriga,21,189800,14600,109,1976,6878,8.79,94,2026-07-26,pt,timelibia,822800,Você topa emagrecer rápido em apenas 11 dias? 👇  #emagrecimento #perderbarrigaemcasa #treinoemcasa #perderbarrigafacil #perdergordura,https://www.tiktok.com/@timelibia/video/7666807888240774420,"secar barriga, perder peso",
perder barriga,22,175000,7599,48,2084,4660,5.56,37,2026-05-14,pt,diastase.maefithome,103300,TREINO AVANÇADO PRA DIÁSTASE USANDO A PAREDE DA SUA CASA #diastase #perderbarriga #posparto,https://www.tiktok.com/@diastase.maefithome/video/7639759874313686280,secar barriga,
perder barriga,23,152500,6965,104,2199,2640,6.08,60,2026-06-06,un,alyne_maria,111400,,https://www.tiktok.com/@alyne_maria/video/7648319310955384085,secar barriga,
perder barriga,24,114700,2052,10,208,1491,1.98,60,2026-03-30,un,vida.saudvel77,6914,#alimentacaosaudavel #jantar #cafe #fyp,https://www.tiktok.com/@vida.saudvel77/video/7623120860290813205,,
perder barriga,25,100500,3091,19,963,925,4.05,68,2023-11-23,un,eusarado,74900,,https://www.tiktok.com/@eusarado/video/7304698080643796230,,
perder barriga,26,100400,9969,182,1128,2563,11.23,134,2025-05-08,un,nutrigabrielamz,184700,#fy #barriga #perderbarriga #picosdeglicose #secarbarriga #emgagrecer #fyyyyyy,https://www.tiktok.com/@nutrigabrielamz/video/7502154462295919877,,
perder barriga,27,85100,6731,72,1037,2360,9.21,102,2026-07-29,pt,timelibia,822800,Você topa emagrecer rápido em apenas 11 dias? 👇  #emagrecimento #perderbarrigaemcasa #treinoemcasa #perderbarrigafacil #perdergordura,https://www.tiktok.com/@timelibia/video/7667928238974733588,,
perder barriga,28,68800,3004,426,497,823,5.71,106,2026-07-07,pt,drguilhermestefano,348800,Estradiol é vida pra mulher !,https://www.tiktok.com/@drguilhermestefano/video/7659869324827528455,secar barriga,
perder barriga,29,67800,2059,8,465,1112,3.73,115,2026-08-21,pt,evelynogueiraa,257700,"Treino de ABDÔMEN em casa | 2 MINUTOS 🔥  Vem comigo nesse treino rápido de abdômen pra ativar a parte inferior, fortalecer o core e deixar a barriga durinha — tudo em apenas 2 MINUTOS  ⏱️💥  Treino: ✔️ Rápido e intenso ✔️ Sem equipamentos ✔️ Perfeito pra fazer em casa ✔️ Ideal pra quem quer abdômen definido  ⏱️ Protocolo: 20 segundos de execução 10 segundos de descanso Repete quantas rodadas conseguir 🔥  💡 Dica: foca na contração do abdômen e mantém o core firme o tempo todo  💾 Salva esse treino e faz comigo!  #treinodeabdomen #abdomenemcasa #abdomeninferior #coreforte #treinorapido",https://www.tiktok.com/@evelynogueiraa/video/7676498083336703253,secar barriga,
perder barriga,30,67100,1677,18,1061,845,4.11,31,2026-07-20,un,bdisouza88,9262,#saudeebemestar #emagrecercomsaude,https://www.tiktok.com/@bdisouza88/video/7664412987851132181,"secar barriga, perder peso",
perder barriga,31,62500,1774,22,173,328,3.15,84,2026-08-13,pt,ana.grossipersonal,29400,"Você treina, se cuida, mas a pochete não sai do lugar? Talvez o problema não seja a dieta.  Dormir antes da meia-noite, respirar ativando seu abdômen profundo e parar de respirar pela boca são 3 mudanças simples que fazem muito mais diferença do que parece.  Não é força de vontade. É técnica.  Salva esse post e manda pra aquela amiga que treina e não vê resultado. Se eu consegui, você também consegue.  #anacarlagrossi #corefeminino #respiracaofuncional #abdomemfuncional",https://www.tiktok.com/@ana.grossipersonal/video/7673427611342605585,,
perder barriga,32,55400,1340,14,179,591,2.77,45,2023-12-08,un,mazinho.morais,116600,#DicaDeSaude🌺🙏🥝🍓🏃,https://www.tiktok.com/@mazinho.morais/video/7310373066192751878,"secar barriga, perder peso",
perder barriga,33,49400,2193,15,484,1159,5.45,66,2026-07-24,pt,outlet_da_ju,155600,"🔥 Mais um treino para fortalecer o abdômen sem precisar de academia! Nesse vídeo eu mostro 3 exercícios simples que você pode fazer em casa usando apenas o peso do corpo. 💪 Faça cada movimento com calma e controle a execução do início ao fim. O segredo não é a velocidade, e sim manter a musculatura trabalhando durante todo o exercício. 📅 Tente repetir essa rotina 3 vezes por semana, entre segunda, quarta e sexta, respeitando os intervalos de descanso e o seu ritmo. 📌 Salva esse vídeo para fazer depois e compartilha com aquela amiga que também quer começar a treinar em casa. 💬 Me conta nos comentários: qual treino você quer ver no próximo vídeo? Glúteos, abdômen, coxas ou braços? 👇",https://www.tiktok.com/@outlet_da_ju/video/7666202602450767125,,
perder barriga,34,45400,1871,22,342,1104,4.92,24,2026-08-29,pt,amaral_treinos,7955,"🔥 CARDIO PARA PERDER MUITAS CALORIAS 🔥  Uma sequência dinâmica, simples e intensa para você fazer em qualquer lugar! 💪🏽🔥  ✨ Polichinelo abre e fecha ✨ Agachamento com rotação de tronco ✨ Oblíquo em pé ✨ joelho alto ✨agachamento com salto  O segredo é manter o ritmo, ativar o corpo inteiro e dar o seu melhor em cada movimento! 🚀  💬 Você encararia essa sequência? Comenta aqui 👇🏽🔥  Salve esse vídeo para fazer depois e compartilhe com aquela pessoa que precisa se movimentar hoje! ❤️  #cardio #treinoemcasa #treinofitness #emagrecimento #treinofitness",https://www.tiktok.com/@amaral_treinos/video/7679525716714589461,secar barriga,
perder barriga,35,41700,1541,50,307,1015,4.55,22,2026-07-30,pt,amarinafonseca,44900,"🚨 DESAFIO DOS 20 MINUTOS 🚨  Quer acelerar a queima de calorias? Então faça essa sequência por 20 minutos, de onde você estiver.  ✔️ Faça os exercícios na ordem do vídeo. ✔️ Descanse até 10 segundos entre cada exercício. ✔️ Ao terminar a sequência, descanse 40 segundos e recomece. ✔️ Repita até completar os 20 minutos.  O resultado vem para quem é consistente. Faça hoje, faça amanhã e veja seu corpo responder.  Salve esse treino para não perder e envie para aquela amiga que vive dizendo que não tem tempo para treinar. 💪🔥  #emagrecer #treinoemcasa #treinofeminino",https://www.tiktok.com/@amarinafonseca/video/7668392711862455559,perder peso,
perder barriga,36,41000,1374,12,117,312,3.67,70,2024-04-15,pt,dicas.fitness.treino,7688,treino seca barriga |Olena  #treinofeminino #secabarriga #perderbarriga #perderbarrigafacil,https://www.tiktok.com/@dicas.fitness.treino/video/7358081951632248069,,
perder barriga,37,39200,2900,24,515,1003,8.77,104,2026-08-13,pt,timelibia,822800,Você treina sozinha? 👇  #emagrecimento #perderbarrigaemcasa #treinoemcasa #perderbarrigafacil #perdergordura,https://www.tiktok.com/@timelibia/video/7673506013500394773,,
perder barriga,38,31200,996,4,107,585,3.55,52,2025-01-31,un,marisareceitasfit,14200,,https://www.tiktok.com/@marisareceitasfit/video/7466139009929219333,secar barriga,
perder barriga,39,29400,535,5,166,281,2.4,31,2025-11-06,un,vidasaudavel257,8194,#saudavel #saudeebemestar #autocuidado #receitafit #dieta,https://www.tiktok.com/@vidasaudavel257/video/7569693983069310215,secar barriga,
perder barriga,40,28000,1178,28,400,564,5.74,55,2026-03-08,pt,anelisecampos.personal,2788,Salva e Marca aquela amiga que vai encarar esse HIIT com você! 🔥 . . 2 Rounds de um minuto cada exercício sem pausa e no segundo 40 segundos cada exercício. Bora?  . . #hiit #secabarriga #emagrecercomsaude #queimadiaria #treino,https://www.tiktok.com/@anelisecampos.personal/video/7615038203497647368,secar barriga,
perder barriga,41,18800,573,7,100,390,3.62,42,2025-11-09,un,rafaelli_pereira,1907,#treinoemcasa #tiktokviral #foryoupage #fypシ,https://www.tiktok.com/@rafaelli_pereira/video/7570658067197480200,secar barriga,
perder barriga,42,16900,588,24,162,309,4.58,26,2026-07-26,pt,amarinafonseca,44900,🔥 Bora secar a barriga?  30x joelhos alternados 30x puxada dinâmica 30x joelho alto dinâmico 30x agachamento completo  Repita a sequência 5x ou faça por 20 minutos.  Salve esse treino para fazer depois e envie para uma amiga que vai treinar com você. 💪  #emagrecer #fitness #treinofeminino,https://www.tiktok.com/@amarinafonseca/video/7666634794301738247,secar barriga,
perder barriga,43,13900,297,9,27,228,2.4,142,2026-08-13,pt,flaebru.personal,150000,"Se você olha para a sua barriga e pensa “essa parte parece que nunca vai embora”, calma… você não precisa simplesmente aceitar isso. 👀 A famosa barriga avental pode incomodar bastante, principalmente quando existe excesso de gordura na região e a mulher também percebe uma alteração na parede abdominal depois da gestação. Mas antes de sair fazendo centenas de abdominais achando que vai resolver tudo… 😂 precisamos entender uma coisa. Nenhum exercício consegue escolher de onde o seu corpo vai retirar gordura. Para reduzir gordura corporal, o déficit calórico faz parte do processo. E o treino entra como uma peça importante dessa estratégia, ajudando você a gastar energia, estimular a musculatura e construir um corpo mais firme. 💪🏼 E quando existe diástase, a escolha dos exercícios e a forma de executá-los também merecem atenção. Não é sobre simplesmente “fechar a diástase” fazendo qualquer abdominal da internet. É preciso avaliar o caso e utilizar exercícios adequados, com segurança e progressão. É justamente por isso que nós não acreditamos em treino pronto e igual para todo mundo. Uma iniciante precisa de exercícios que façam sentido para o seu nível, para o seu objetivo e para as necessidades do seu corpo. ✨ Se você quer treinos específicos e seguros para trabalhar a diástase ao mesmo tempo em que busca reduzir gordura corporal, comenta EU QUERO. 👀",https://www.tiktok.com/@flaebru.personal/video/7673640659298815233,secar barriga,
perder barriga,44,13000,228,0,8,68,1.82,13,2026-07-20,pt,treinododia16,109300,"Cardio pra Secar 🔥  Muita gente acha que para emagrecer precisa passar horas fazendo cardio.  Mas a verdade é que intensidade costuma ser mais importante do que duração.  Quando você alterna períodos de esforço alto com momentos de recuperação, o gasto calórico tende a ser maior do que em um cardio feito sempre no mesmo ritmo.  Por isso, antes de pensar em fazer mais tempo, pense em fazer melhor.  Salva esse post para testar no seu próximo treino.  #cardio #treino #treinofeminino #musculação",https://www.tiktok.com/@treinododia16/video/7664745691813547280,secar barriga,
perder barriga,45,12600,669,11,89,294,6.1,166,2026-08-29,pt,ericasantos3831,142900,"Para definir abdômen, eliminar gordura abdominal faça dieta de déficit calórico, quanto menor seu percentual de gordura mais definido seu abdômen irá ficar 😉 . #vira #abs",https://www.tiktok.com/@ericasantos3831/video/7679519129891638536,secar barriga,
perder barriga,46,10400,91,0,41,33,1.27,11,2026-07-01,pt,bruna.barbosa619,8742,Elástico Extensor de Exercícios Pull Reducer Multifuncional,https://www.tiktok.com/@bruna.barbosa619/video/7657567846461000981,,anúncio
perder barriga,47,8840,271,22,46,222,3.83,33,2026-04-18,pt,rebecca.diastase,2977,"Você ainda faz abdominal achando que vai “fechar” a diástase? 😳  Nem todo exercício fortalece… alguns só aumentam a pressão na barriga e afastam ainda mais o que já precisa de cuidado.  O que eu aplico é um método pensado para mães reais, que querem recuperar o abdômen com segurança, ativando o músculo certo e respeitando o tempo do corpo 💛  Não é sobre fazer mais força. É sobre fazer da forma correta.  Quando você aprende a ativar o core profundo, melhora a postura, a respiração e devolve firmeza para a barriga sem prejudicar seu corpo.  Resultado de verdade começa de dentro pra fora ✨  Se você quer aprender o caminho certo e parar de errar nos exercícios, comenta “EU QUERO” que eu te explico como funciona 👇🏻 #diastase #core #supermae #fyp #fy",https://www.tiktok.com/@rebecca.diastase/video/7630245499777404167,secar barriga,
perder barriga,48,5926,245,2,27,157,4.62,60,2026-07-30,un,laboratoriohumano2,112700,#fatos #fatoscuriosos #viral #curiosidades #gordura,https://www.tiktok.com/@laboratoriohumano2/video/7668384438358871317,,
perder barriga,49,2442,31,1,3,19,1.43,21,2026-08-02,pt,fakepeoplestayaway1,306600,"Aquela gordurinha da cintura não vai embora com abdominal sozinho...  A gordura localizada não escolhe onde vai sair. O que faz diferença é criar um ambiente para o seu corpo gastar mais energia: treinar com frequência, fortalecer a musculatura e manter hábitos consistentes.  Esses movimentos ajudam a ativar o abdômen, fortalecer o core e aumentar o gasto calórico da sua rotina.   E o melhor: podem ser feitos na cadeira, sem impacto e no seu ritmo. Se você está na menopausa e sente que a barriga ficou mais difícil de reduzir, não desista.   Com o treino certo e constância, seu corpo responde. ❤️  💬 Salve este vídeo para fazer depois e marque uma amiga que também quer diminuir a barriga treinando em casa.  #Menopausa #TreinoEmCasa #BarrigaNaMenopausa #Abdômen #QueimaDeGordura Mulheres40Mais SaúdeFeminina ExercícioEmCasa Core VidaAtiva",https://www.tiktok.com/@fakepeoplestayaway1/video/7669385391677443360,,
perder barriga,50,1387,56,0,21,11,5.55,78,2026-01-18,pt,frutinhas2026,176,quer perde a barriga ??? #fitnes #saudavel,https://www.tiktok.com/@frutinhas2026/video/7596847241768307976,secar barriga,
secar barriga,1,10100000,285700,1313,79900,161551,3.63,177,2026-03-13,en,you1stlondon,8300000,Save this workout and try at home 🔥 #abs #bellyfat #fitnessmotivaton #viral #fyp,https://www.tiktok.com/@you1stlondon/video/7616767793484057878,perder barriga,
secar barriga,2,5500000,107700,841,41600,29079,2.73,61,2026-06-15,un,gilvaniaaragao7,102600,,https://www.tiktok.com/@gilvaniaaragao7/video/7651590274447084818,,
secar barriga,3,2900000,96500,446,12400,38500,3.77,234,2026-05-25,pt,treinadorajessica,1000000,"CARDIOZÃÃOO INTENSO PARA PERDER BARRIGA 🔥   Pra você começar bem a semana, já guarda aí para fazer comigo   ▶️ aperta o play e me acompanha, vamos fazer uma sequência de 8 exercícios  ⏸️ descansa 1 minuto ao finalizar o último exercício  🔁 repete tudo por 4/5x   Motive alguém com esse treino 💕   #viral #explore #gym",https://www.tiktok.com/@treinadorajessica/video/7643643936711511314,perder barriga,
secar barriga,4,2500000,79400,390,11600,48204,3.66,61,2023-11-11,pt,personalemagrecimento,271000,Secando a barriga com esse treino.  #treino #dicasdetreino #perderbarriga #secabarriga #emagrecimento #treinao #personalemagrecimento,https://www.tiktok.com/@personalemagrecimento/video/7300004388112698629,,
secar barriga,5,2100000,68300,724,23400,46012,4.4,42,2026-07-11,pt,caiofonsecapersonal,78500,✅CLICA NO LINK DO MEU PERFIL PARA PARTICIPAR DO MEU NOVO DESAFIO DE EMAGRECIMENTO #saudedamulher #academia #saude #emagrecimento,https://www.tiktok.com/@caiofonsecapersonal/video/7661236711246089479,perder barriga,
secar barriga,6,1900000,43500,825,12700,31185,3.0,7,2026-07-07,pt,claytontreino,7701,"correr.  MINUTOS 0-4 Inclinação: 6 Velocidade: 4,5 Corpo já está aquecido da musculação. Aqui a meta é elevar a frequência cardíaca sem gerar fadiga excessiva.  MINUTOS 4-8 Inclinação: 8 Velocidade: 4,8 Glúteos, posteriores e panturrilhas começam a trabalhar mais forte.  MINUTOS 8-12 Inclinação: 10 Velocidade: 4,5 Maior recrutamento muscular e aumento do gasto energético.  MINUTOS 12-16 Inclinação: 12 Velocidade: 4,2  Parte mais intensa do treino. Respiração acelerada, mas sem precisar correr.  MINUTOS 16-20 Inclinação: 6 Velocidade: 4,5 Finalização ativa para manter o metabolismo elevado.  SALVA O VÍDEO PRA NÃO ESQUECER E MANDA PRA ALGUÉM 😉  #emagrecimento #perderbarriga #treinos",https://www.tiktok.com/@claytontreino/video/7659829854510009621,,
secar barriga,7,1800000,92800,476,37400,35455,7.26,68,2026-02-27,pt,vanessaclosederica,46400,Emagrecer é com a gente mesmo!  #dieta #emagrecer #dicasdesaude #emagrecimento #saude,https://www.tiktok.com/@vanessaclosederica/video/7611607970840923400,,
secar barriga,8,1100000,44200,293,5239,22235,4.52,240,2026-08-30,un,.coachbettyna,581600,#viralvideo #fatloss #flattummy #homeworkout #flatbelly,https://www.tiktok.com/@.coachbettyna/video/7679824366061980930,perder barriga,
secar barriga,9,1100000,54800,192,10900,35967,5.99,21,2026-08-29,pt,geisy_laryfit,198000,🔥FAÇA ESSES 4 EXERCÍCIOS E TRANSFORME SEU ABDÔMEN🔥#workout #treino #foryou,https://www.tiktok.com/@geisy_laryfit/video/7679565043067079956,perder barriga,
secar barriga,10,1100000,13100,142,5382,3026,1.69,60,2026-08-20,pt,cida.vieira555,47200,Cardio poderoso na cadeira  #treinoemcasa #emagrececimento #barrigachapada,https://www.tiktok.com/@cida.vieira555/video/7676265242854214919,,
secar barriga,11,945500,21500,118,20400,4906,4.44,19,2026-01-24,pt,jamilajulia1,94500,Treino para secar barriga 🔥,https://www.tiktok.com/@jamilajulia1/video/7598948775666748693,perder barriga,
secar barriga,12,844900,26000,169,11200,11333,4.42,50,2026-06-04,pt,fabiosantostl,20200,"Faça esse treino se quer acabar com a barriga em casa.   30x por 2 a 4 rouds.   Não esqueci de curtir, comentar, compartilhar com aquela amiga e já me segui 👇🏽",https://www.tiktok.com/@fabiosantostl/video/7647578682139168018,perder barriga,
secar barriga,13,691500,17000,91,1651,2514,2.71,61,2026-06-11,pt,pablodanielcarlos,454900,"Cardio simples, mas a barriga sente! 😮‍💨💦 Queime calorias, acelere o metabolismo e dê um passo a mais rumo à barriga seca. Salva esse treino e faz comigo! 👊🔥 @INTENSEHIIT",https://www.tiktok.com/@pablodanielcarlos/video/7650193106783964437,,
secar barriga,14,532300,10800,60,1851,4467,2.39,178,2026-05-20,pt,aline_jsss,8204,Exercício seca barriga 🔥   Tabata 20x10 5 repetições.  #tabata #tiktokviral #treinoemcasa #treinofeminino #foconoobjetivo,https://www.tiktok.com/@aline_jsss/video/7641954454169865480,,
secar barriga,15,511600,11100,63,3172,2109,2.8,60,2026-07-24,un,elinalvasilvaa,438100,#exercíciosemcasa #constancia #barriga #cardio,https://www.tiktok.com/@elinalvasilvaa/video/7666081204189564168,,
secar barriga,16,492800,19500,119,2475,4231,4.48,38,2025-12-06,pt,kahcoach,472900,Quer secar a barriga ? Faça esse treino,https://www.tiktok.com/@kahcoach/video/7580869031465471250,,
secar barriga,17,486000,8591,74,2528,1793,2.3,61,2026-07-16,un,gilvaniaaragao7,102600,,https://www.tiktok.com/@gilvaniaaragao7/video/7663151328566217991,,
secar barriga,18,447700,9962,141,4543,2274,3.27,60,2026-08-28,pt,canaldagil1,322500,exercícios para seca barriga,https://www.tiktok.com/@canaldagil1/video/7679028803947072786,,
secar barriga,19,394500,12000,82,1792,3393,3.52,62,2026-03-14,pt,eullergym,279900,3 melhores cardios para secar e perder gordura rápido   #cardio #gym #secarbarriga #perdergordura #perderpeso,https://www.tiktok.com/@eullergym/video/7617118748322958613,"perder barriga, perder peso",
secar barriga,20,345700,7535,254,7272,2544,4.36,25,2025-11-20,pt,equilbrio71,4596,"Suco da Energia e Desintoxicação! Beterraba + maçã + cenoura + gengibre = uma explosão de nutrientes no seu corpo! ✨ 🌱 Benefícios desse combo poderoso: ❤️ Melhora a circulação e dá mais disposição (beterraba) 🍎 Ajuda na digestão e fortalece a imunidade (maçã) 🥕 Pele mais bonita, visão protegida e energia natural (cenoura) 🔥 Acelera o metabolismo e desincha (gengibre) Um suco simples, natural e perfeito pra quem quer cuidar do corpo de forma leve e saudável. ✨💪 #suco  #emagrecimentosaudavel     #alimentacaosaudavel @Equilíbrio @Equilíbrio @Equilíbrio",https://www.tiktok.com/@equilbrio71/video/7574618844212382996,,
secar barriga,21,319900,8546,26,2439,5226,3.44,146,2026-07-24,pt,evelynogueiraa,257700,"Treino de ABDÔMEN em casa | 2 MINUTOS E MEIO🔥  Vem comigo nesse treino rápido de abdômen pra ativar a parte inferior, fortalecer o core e deixar a barriga durinha — tudo em apenas 2 MINUTOS E MEIO ⏱️💥  Treino: ✔️ Rápido e intenso ✔️ Sem equipamentos ✔️ Perfeito pra fazer em casa ✔️ Ideal pra quem quer abdômen definido  ⏱️ Protocolo: 20 segundos de execução 10 segundos de descanso Repete quantas rodadas conseguir 🔥  💡 Dica: foca na contração do abdômen e mantém o core firme o tempo todo  💾 Salva esse treino e faz comigo!  #treinodeabdomen #abdomenemcasa #abdomeninferior #coreforte #treinorapido",https://www.tiktok.com/@evelynogueiraa/video/7666115936126242069,,
secar barriga,22,307600,5507,65,2019,948,2.47,60,2026-05-26,pt,canaldagil1,322500,cárdio,https://www.tiktok.com/@canaldagil1/video/7644284691582848263,,
secar barriga,23,293100,9614,42,1562,8832,3.83,24,2026-09-01,un,gymtrainer81,196000,#foryoupage❤️❤️ #trendingvideo #unfreezemyaccaunt🙏🙏🙏 #unfreezemyacount #gymtrainers,https://www.tiktok.com/@gymtrainer81/video/7680490421004324116,perder barriga,
secar barriga,24,189800,14600,109,1976,6878,8.79,94,2026-07-26,pt,timelibia,822800,Você topa emagrecer rápido em apenas 11 dias? 👇  #emagrecimento #perderbarrigaemcasa #treinoemcasa #perderbarrigafacil #perdergordura,https://www.tiktok.com/@timelibia/video/7666807888240774420,"perder barriga, perder peso",
secar barriga,25,175000,7599,48,2084,4660,5.56,37,2026-05-14,pt,diastase.maefithome,103300,TREINO AVANÇADO PRA DIÁSTASE USANDO A PAREDE DA SUA CASA #diastase #perderbarriga #posparto,https://www.tiktok.com/@diastase.maefithome/video/7639759874313686280,perder barriga,
secar barriga,26,152500,6965,104,2199,2640,6.08,60,2026-06-06,un,alyne_maria,111400,,https://www.tiktok.com/@alyne_maria/video/7648319310955384085,perder barriga,
secar barriga,27,117200,3103,16,607,1938,3.18,161,2026-08-19,en,pilateswithdaniela,43600,"4 Moves to Sculpt Your Core at Home 🔥A quick core & waist routine you can do anywhere • No equipment Repeat for 3–4 sets, or pair it with a 5–10 min booty & legs workout. Want more abs? Combine it with another quick abs routine from my page for a full abs workout ✨ Want to work out with me? Find my full Pilates workouts on YouTube — link in bio! #homeworkoutsforwomen #pilatesworkout #flatabs #absworkout #homeworkout",https://www.tiktok.com/@pilateswithdaniela/video/7675675074598341910,,
secar barriga,28,98500,5384,97,2160,725,7.76,94,2026-01-11,pt,rocharenato.rr,1200000,"Mãe, segue o personal das mamães pra secar a barriga sem academia 😍😱",https://www.tiktok.com/@rocharenato.rr/video/7594134812579925266,,
secar barriga,29,95500,5454,250,2076,1457,8.15,127,2026-07-14,pt,rocharenato.rr,1200000,Me segue aqui para aprender como secar a barriga 😍❤️🙋‍♀️,https://www.tiktok.com/@rocharenato.rr/video/7662415097708530952,,
secar barriga,30,75600,3226,38,336,449,4.76,19,2026-08-25,pt,corte_dos_caras,11500,"🔥 QUER PERDER GORDURA VISCERAL? TALVEZ VOCÊ ESTEJA PRIORIZANDO O CARDIO DEMAIS!  Quando o objetivo é reduzir gordura visceral, a musculação pode ser uma das estratégias mais importantes. 💪  O cardio tem seu papel — principalmente no gasto energético e na redução de gordura corporal — mas não significa que ele seja automaticamente a melhor ferramenta para tudo.  👉 E você: prioriza musculação ou cardio quando o objetivo é perder gordura?  Salva esse corte e manda pra aquele amigo que só faz esteira quando quer secar! 😂  #treino #fitness #maromba #gymtok #testosterone @paulomuzy",https://www.tiktok.com/@corte_dos_caras/video/7677994503927696661,,
secar barriga,31,68800,3004,426,497,823,5.71,106,2026-07-07,pt,drguilhermestefano,348800,Estradiol é vida pra mulher !,https://www.tiktok.com/@drguilhermestefano/video/7659869324827528455,perder barriga,
secar barriga,32,67800,2059,8,465,1112,3.73,115,2026-08-21,pt,evelynogueiraa,257700,"Treino de ABDÔMEN em casa | 2 MINUTOS 🔥  Vem comigo nesse treino rápido de abdômen pra ativar a parte inferior, fortalecer o core e deixar a barriga durinha — tudo em apenas 2 MINUTOS  ⏱️💥  Treino: ✔️ Rápido e intenso ✔️ Sem equipamentos ✔️ Perfeito pra fazer em casa ✔️ Ideal pra quem quer abdômen definido  ⏱️ Protocolo: 20 segundos de execução 10 segundos de descanso Repete quantas rodadas conseguir 🔥  💡 Dica: foca na contração do abdômen e mantém o core firme o tempo todo  💾 Salva esse treino e faz comigo!  #treinodeabdomen #abdomenemcasa #abdomeninferior #coreforte #treinorapido",https://www.tiktok.com/@evelynogueiraa/video/7676498083336703253,perder barriga,
secar barriga,33,67100,1677,18,1061,845,4.11,31,2026-07-20,un,bdisouza88,9262,#saudeebemestar #emagrecercomsaude,https://www.tiktok.com/@bdisouza88/video/7664412987851132181,"perder barriga, perder peso",
secar barriga,34,59600,2700,44,478,815,5.41,17,2026-08-22,un,receitadadelfina,557400,#anosatrás #angola🇦🇴portugal🇵🇹brasil🇧🇷 #angola🇦🇴portugal🇵🇹brasil🇧🇷,https://www.tiktok.com/@receitadadelfina/video/7676663967539809554,,
secar barriga,35,55400,1340,14,179,591,2.77,45,2023-12-08,un,mazinho.morais,116600,#DicaDeSaude🌺🙏🥝🍓🏃,https://www.tiktok.com/@mazinho.morais/video/7310373066192751878,"perder barriga, perder peso",
secar barriga,36,45400,1871,22,342,1104,4.92,24,2026-08-29,pt,amaral_treinos,7955,"🔥 CARDIO PARA PERDER MUITAS CALORIAS 🔥  Uma sequência dinâmica, simples e intensa para você fazer em qualquer lugar! 💪🏽🔥  ✨ Polichinelo abre e fecha ✨ Agachamento com rotação de tronco ✨ Oblíquo em pé ✨ joelho alto ✨agachamento com salto  O segredo é manter o ritmo, ativar o corpo inteiro e dar o seu melhor em cada movimento! 🚀  💬 Você encararia essa sequência? Comenta aqui 👇🏽🔥  Salve esse vídeo para fazer depois e compartilhe com aquela pessoa que precisa se movimentar hoje! ❤️  #cardio #treinoemcasa #treinofitness #emagrecimento #treinofitness",https://www.tiktok.com/@amaral_treinos/video/7679525716714589461,perder barriga,
secar barriga,37,45100,4451,192,1366,800,13.32,122,2026-07-27,pt,rocharenato.rr,1200000,"Mãe, segue o personal das mamães pra aprender a secar sua barriga independente da sua idade",https://www.tiktok.com/@rocharenato.rr/video/7667179691228400903,,
secar barriga,38,31200,996,4,107,585,3.55,52,2025-01-31,un,marisareceitasfit,14200,,https://www.tiktok.com/@marisareceitasfit/video/7466139009929219333,perder barriga,
secar barriga,39,29400,535,5,166,281,2.4,31,2025-11-06,un,vidasaudavel257,8194,#saudavel #saudeebemestar #autocuidado #receitafit #dieta,https://www.tiktok.com/@vidasaudavel257/video/7569693983069310215,perder barriga,
secar barriga,40,28000,1178,28,400,564,5.74,55,2026-03-08,pt,anelisecampos.personal,2788,Salva e Marca aquela amiga que vai encarar esse HIIT com você! 🔥 . . 2 Rounds de um minuto cada exercício sem pausa e no segundo 40 segundos cada exercício. Bora?  . . #hiit #secabarriga #emagrecercomsaude #queimadiaria #treino,https://www.tiktok.com/@anelisecampos.personal/video/7615038203497647368,perder barriga,
secar barriga,41,18800,573,7,100,390,3.62,42,2025-11-09,un,rafaelli_pereira,1907,#treinoemcasa #tiktokviral #foryoupage #fypシ,https://www.tiktok.com/@rafaelli_pereira/video/7570658067197480200,perder barriga,
secar barriga,42,16900,588,24,162,309,4.58,26,2026-07-26,pt,amarinafonseca,44900,🔥 Bora secar a barriga?  30x joelhos alternados 30x puxada dinâmica 30x joelho alto dinâmico 30x agachamento completo  Repita a sequência 5x ou faça por 20 minutos.  Salve esse treino para fazer depois e envie para uma amiga que vai treinar com você. 💪  #emagrecer #fitness #treinofeminino,https://www.tiktok.com/@amarinafonseca/video/7666634794301738247,perder barriga,
secar barriga,43,13900,297,9,27,228,2.4,142,2026-08-13,pt,flaebru.personal,150000,"Se você olha para a sua barriga e pensa “essa parte parece que nunca vai embora”, calma… você não precisa simplesmente aceitar isso. 👀 A famosa barriga avental pode incomodar bastante, principalmente quando existe excesso de gordura na região e a mulher também percebe uma alteração na parede abdominal depois da gestação. Mas antes de sair fazendo centenas de abdominais achando que vai resolver tudo… 😂 precisamos entender uma coisa. Nenhum exercício consegue escolher de onde o seu corpo vai retirar gordura. Para reduzir gordura corporal, o déficit calórico faz parte do processo. E o treino entra como uma peça importante dessa estratégia, ajudando você a gastar energia, estimular a musculatura e construir um corpo mais firme. 💪🏼 E quando existe diástase, a escolha dos exercícios e a forma de executá-los também merecem atenção. Não é sobre simplesmente “fechar a diástase” fazendo qualquer abdominal da internet. É preciso avaliar o caso e utilizar exercícios adequados, com segurança e progressão. É justamente por isso que nós não acreditamos em treino pronto e igual para todo mundo. Uma iniciante precisa de exercícios que façam sentido para o seu nível, para o seu objetivo e para as necessidades do seu corpo. ✨ Se você quer treinos específicos e seguros para trabalhar a diástase ao mesmo tempo em que busca reduzir gordura corporal, comenta EU QUERO. 👀",https://www.tiktok.com/@flaebru.personal/video/7673640659298815233,perder barriga,
secar barriga,44,13000,228,0,8,68,1.82,13,2026-07-20,pt,treinododia16,109300,"Cardio pra Secar 🔥  Muita gente acha que para emagrecer precisa passar horas fazendo cardio.  Mas a verdade é que intensidade costuma ser mais importante do que duração.  Quando você alterna períodos de esforço alto com momentos de recuperação, o gasto calórico tende a ser maior do que em um cardio feito sempre no mesmo ritmo.  Por isso, antes de pensar em fazer mais tempo, pense em fazer melhor.  Salva esse post para testar no seu próximo treino.  #cardio #treino #treinofeminino #musculação",https://www.tiktok.com/@treinododia16/video/7664745691813547280,perder barriga,
secar barriga,45,12600,669,11,89,294,6.1,166,2026-08-29,pt,ericasantos3831,142900,"Para definir abdômen, eliminar gordura abdominal faça dieta de déficit calórico, quanto menor seu percentual de gordura mais definido seu abdômen irá ficar 😉 . #vira #abs",https://www.tiktok.com/@ericasantos3831/video/7679519129891638536,perder barriga,
secar barriga,46,8887,98,2,24,38,1.4,18,2026-05-05,un,mariysilva448,435,,https://www.tiktok.com/@mariysilva448/video/7636222927578352903,,
secar barriga,47,8840,271,22,46,222,3.83,33,2026-04-18,pt,rebecca.diastase,2977,"Você ainda faz abdominal achando que vai “fechar” a diástase? 😳  Nem todo exercício fortalece… alguns só aumentam a pressão na barriga e afastam ainda mais o que já precisa de cuidado.  O que eu aplico é um método pensado para mães reais, que querem recuperar o abdômen com segurança, ativando o músculo certo e respeitando o tempo do corpo 💛  Não é sobre fazer mais força. É sobre fazer da forma correta.  Quando você aprende a ativar o core profundo, melhora a postura, a respiração e devolve firmeza para a barriga sem prejudicar seu corpo.  Resultado de verdade começa de dentro pra fora ✨  Se você quer aprender o caminho certo e parar de errar nos exercícios, comenta “EU QUERO” que eu te explico como funciona 👇🏻 #diastase #core #supermae #fyp #fy",https://www.tiktok.com/@rebecca.diastase/video/7630245499777404167,perder barriga,
secar barriga,48,6343,198,31,10,16,3.77,28,2026-07-16,pt,c0rtes_renato,17200,EU QUERO EXPLICAR PRA VOCÊ COMO FUNCIONA O DESAFIO? #secabarriga #emagrecimento #Desafio15dias #RenatoCariani,https://www.tiktok.com/@c0rtes_renato/video/7663188811148528903,,
secar barriga,49,4019,146,6,43,31,4.85,61,2025-10-05,un,saudeutilidades,2258,,https://www.tiktok.com/@saudeutilidades/video/7557540423397363000,,
secar barriga,50,1387,56,0,21,11,5.55,78,2026-01-18,pt,frutinhas2026,176,quer perde a barriga ??? #fitnes #saudavel,https://www.tiktok.com/@frutinhas2026/video/7596847241768307976,perder barriga,
perder peso,1,2500000,129300,860,1586,27000,5.27,100,2022-07-27,pt,milenedsm,1300000,3 coisas que me desinflamaram 🔥🔥🔥 #foryoupage #foryou #desinflamar #vaiprofycaramba #alimentacaosaudavel #barrigachapada #emagrecer #dieta #emagrecercomsaude #rotinamatinal,https://www.tiktok.com/@milenedsm/video/7125030867390467334,,
perder peso,2,2200000,378000,1094,5611,30319,17.49,15,2026-08-12,un,simonefitness,1082,,https://www.tiktok.com/@simonefitness/video/7673270503519390990,,
perder peso,3,2100000,44300,334,5719,10743,2.4,8,2026-06-05,pt,nutriedianereis,5672,"8 coisas que me ajudaram a emagrecer sem radicalismos:  1. Nunca cortei completamente as besteiras da alimentação Se eu queria um hambúrguer, eu comia. Porque me privar só fazia eu exagerar depois. Eu simplesmente comia, aproveitava e seguia em frente.  2. Caminhei todos os dias Mesmo que fossem apenas 10 a 15 minutos. Sem pressão para fazer 10 mil passos. Alguns dias rendiam menos, outros mais, mas eu aparecia e fazia o que podia.  3. Deixei o jantar mais leve em carboidratos Não de forma rígida, apenas mais inteligente. Menos arroz, pão ou massas à noite e mais proteínas, como ovos, queijos, feijão/lentilha e frango. Eu acordava me sentindo muito melhor.  4. Comecei a comer devagar (isso mudou muita coisa) Antes eu terminava as refeições em poucos minutos. Comer mais devagar me ajudou a perceber quando estava satisfeita, e naturalmente comecei a comer menos.  5. Tomava água 30 minutos antes de cada refeição Isso me ajudava a controlar melhor a fome, melhorar a digestão e evitar comer além do necessário.  6. Parei de me pesar todos os dias Isso estava afetando mais a minha mentalidade do que o meu progresso. Me pesar apenas uma vez por semana parecia mais saudável e equilibrado.  7. Cuidei do meu sono Eu não imaginava que isso faria tanta diferença, mas fez. Dormir mal = mais vontade de comer e menos autocontrole. Dormir cerca de 7 horas mudou tudo.  8. Parei de recomeçar toda segunda-feira Uma refeição fora do planejado não estragava mais todo o processo. Eu simplesmente continuava como se nada tivesse acontecido, e isso fez a maior diferença de todas.  Siga meu perfil no Instagram @edianereisnutri e descubra como emagrecer de forma saudável, sem radicalismos, sem dietas restritivas e com resultados que você consegue manter no longo prazo.",https://www.tiktok.com/@nutriedianereis/video/7647882464601607445,,
perder peso,4,2100000,49300,221,6026,22318,2.65,5,2025-03-21,en,beautialchemy,127000,weight loss exercises at home part 09 #workout #weightloss #trending #exercise,https://www.tiktok.com/@beautialchemy/video/7484295769088953622,,
perder peso,5,1300000,50400,356,3286,10261,4.16,46,2025-07-24,pt,boaformasaudevida,28800,QUER EMAGRECER RÁPIDO? #saude #saúde #VidaSaudável #DicaDeSaúde #BemEstar #AlimentaçãoSaudável @Boa Forma Saúde e Vida @Boa Forma Saúde e Vida @Boa Forma Saúde e Vida,https://www.tiktok.com/@boaformasaudevida/video/7530752279687728389,,
perder peso,6,403300,26200,383,4553,6580,7.72,1128,2026-07-23,pt,carolborba74,1900000,Perder peso e definir corpo com cabo de vassoura! Faça esse treino 4x na semana e depois volta aqui pra me contar como foi ❤️❤️ Gostou? Me diz o que achou nos comentários!,https://www.tiktok.com/@carolborba74/video/7665834249085472020,,
perder peso,7,394500,12000,82,1792,3393,3.52,62,2026-03-14,pt,eullergym,279900,3 melhores cardios para secar e perder gordura rápido   #cardio #gym #secarbarriga #perdergordura #perderpeso,https://www.tiktok.com/@eullergym/video/7617118748322958613,"perder barriga, secar barriga",
perder peso,8,296000,15000,139,323,1699,5.22,14,2026-07-02,un,irismendona8,1017,#CapCut #emagrecimento #saude #academia,https://www.tiktok.com/@irismendona8/video/7657732554287516935,,
perder peso,9,234800,2573,40,148,567,1.18,15,2026-01-19,en,leancorelab,7340,"Which cardio is best for fat loss? Cycling, running or walking  There isn’t one “best” form of cardio for fat loss — because fat loss isn’t decided by the exercise itself, but by what you can do consistently and recover from.  Here’s how each actually compares:  ⸻  🚶‍♂️ Walking  Walking is the most underestimated fat-loss tool.  • Low impact and low injury risk • Can be done daily without compromising recovery • Keeps stress hormones lower than high-intensity cardio • Easy to accumulate high weekly calorie burn  For most people, walking allows the highest total weekly energy expenditure because it’s sustainable.  ⸻  🏃‍♂️ Running  Running burns more calories per minute — but comes with higher cost.  • Higher impact on joints and connective tissue • Greater fatigue and recovery demands • Harder to do frequently without overuse issues  Running can accelerate fat loss if recovery, nutrition, and volume are managed properly — but it’s not superior by default.  ⸻  🚴‍♂️ Cycling  Cycling sits between walking and running.  • Lower impact than running • Allows longer sessions with less joint stress • Burns calories efficiently at moderate intensity  Cycling works well for people who enjoy longer, steady sessions or need a low-impact alternative.  ⸻  What actually determines fat loss  Fat loss is driven by: • A consistent calorie deficit • Total weekly movement • Recovery and adherence  The “best” cardio is the one you can repeat week after week without burning out.  ⸻  The takeaway  Walking is best for most people. Running can help if managed well. Cycling is an excellent low-impact option.  Fat loss isn’t about suffering more — it’s about doing what lasts.  Save this if you’re unsure which cardio to choose.",https://www.tiktok.com/@leancorelab/video/7597073481691368726,,
perder peso,10,190300,10400,472,311,310,5.88,33,2026-08-10,pt,metropolesoficial,17000000,"🏃 SUPERANDO LIMITES  Filipi Bodão já eliminou 51kg durante seu #processodemudança de #hábitos e segue em busca de mais #qualidadedevida, com o objetivo de continuar avançando em sua transformação.  Uma das conquistas mais marcantes aconteceu quando ele decidiu correr sem camisa pela primeira vez. Filipi descreveu o momento como uma sensação de “liberdade”, por conseguir superar a vergonha que sentia anteriormente.  Nas redes sociais, ele compartilha etapas da própria jornada e também busca incentivar quem acompanha sua evolução. Com o já conhecido “reage!”, Filipi afirma que segue focado nos próximos objetivos.  #Metrópoles  🤳 filbodao (ig) | @myhoodbr",https://www.tiktok.com/@metropolesoficial/video/7672497427504565525,,
perder peso,11,189800,14600,109,1976,6878,8.79,94,2026-07-26,pt,timelibia,822800,Você topa emagrecer rápido em apenas 11 dias? 👇  #emagrecimento #perderbarrigaemcasa #treinoemcasa #perderbarrigafacil #perdergordura,https://www.tiktok.com/@timelibia/video/7666807888240774420,"perder barriga, secar barriga",
perder peso,12,118600,2793,86,815,312,3.11,56,2025-08-08,pt,tiagodafarmacia1,20300,"🧪 ORLISTATE: bloqueia a gordura… e às vezes bloqueia sua dignidade também! 😂  👉 Remédio que ajuda a emagrecer impedindo a absorção de parte da gordura dos alimentos. ⚠️ Mas cuidado: exagerou na fritura? Ele devolve em forma de diarreia e fezes oleosas. 💊 Use com orientação, beba muita água e combine com uma alimentação decente. ⠀ 📌 Quer saber se serve pra você? Fala com seu médico. 🛒 E se for comprar, tá na vitrine 🛍️ ⠀ #orlistate #tiagodafarmacia #emagrecimento #farmaciacomhumor #remedios",https://www.tiktok.com/@tiagodafarmacia1/video/7536283366283382021,,
perder peso,13,86000,4026,50,401,3174,5.21,54,2026-06-17,pt,motivacional.gym1,14900,"Quer perder gordura e ganhar músculo ao mesmo tempo? 🎯💪  Se você está perdido e não sabe por onde começar a estruturar a sua alimentação, use essa base simples de cálculo para o seu dia a dia! Pegue papel, caneta e a sua calculadora:  1️⃣ Calorias Diárias: Multiplique seu peso por 30. Exemplo (80kg): 80 \times 30 = 2400\text{ kcal}  2️⃣ Proteína (PTN): Multiplique seu peso por 2. Exemplo (80kg): 80 \times 2 = 160\text{g} (Essencial para manter e ganhar massa muscular!)  3️⃣ Gordura (LPD): Multiplique seu peso por 0,9. Exemplo (80kg): 80 \times 0{,}9 = 72\text{g} (Fundamental para a sua saúde hormonal.)  4️⃣ Água: Multiplique seu peso por 40. Exemplo (80kg): 80 \times 40 = 3200\text{ ml} (3,2 litros por dia para manter o corpo funcionando no topo!)  5️⃣ Carboidrato (CHO): Multiplique seu peso por 4. Exemplo (80kg): 80 x 4 = 320g de carboidrato para energia e rendimento máximo nos treinos! 🔥  ⚠️ Lembre-se: Isso aqui é uma excelente linha de base para quem está começando do zero. Para um resultado perfeito, fatores como sua altura, idade e a intensidade do seu treino fazem toda a diferença. Nada substitui um plano 100% individualizado!  @miotto_alexis  #fitness #treino #academia #dieta #fyp",https://www.tiktok.com/@motivacional.gym1/video/7652399056748104968,,
perder peso,14,83000,1098,3,340,736,1.74,16,2026-03-08,pt,perdendo.peso.rapido,290,VOCE ESTA DISPOSTO A MUDAR SUA ROTINA ? #saude#rotina#alimentacaosaudavel#fy,https://www.tiktok.com/@perdendo.peso.rapido/video/7614895481486855445,,
perder peso,15,69900,4322,19,58,933,6.29,147,2025-12-08,un,ceciliamrssss,27300,#gymtok #dieta #gym #academia #cabelocacheado,https://www.tiktok.com/@ceciliamrssss/video/7581510862326746388,,
perder peso,16,67100,1676,18,1060,845,4.1,31,2026-07-20,un,bdisouza88,9262,#saudeebemestar #emagrecercomsaude,https://www.tiktok.com/@bdisouza88/video/7664412987851132181,"perder barriga, secar barriga",
perder peso,17,65800,2047,24,83,230,3.27,135,2026-05-29,pt,g1,12900000,"Saúde - Perder peso rapidamente pode ser mais eficaz e não aumentar o risco de recuperar os quilos perdidos do que emagrecer de forma gradual. A conclusão é de um estudo apresentado no Congresso Europeu sobre Obesidade (ECO 2026), em Istambul, na Turquia, que acompanhou adultos com obesidade durante um ano. Os pesquisadores observaram que participantes submetidos a um programa estruturado de emagrecimento rápido perderam mais peso, mantiveram melhores resultados após 52 semanas e alcançaram com maior frequência metas associadas à redução do risco de doenças como diabetes tipo 2, hipertensão e problemas cardiovasculares. Segundo a autora principal do estudo, Line Kristin Johnson, um dos fatores que podem explicar os resultados é o impacto motivacional das perdas iniciais mais intensas. “Resultados iniciais e visíveis podem aumentar a motivação. Isso, por sua vez, pode reforçar a adesão durante a fase inicial crítica. É absolutamente plausível que uma perda de peso inicial rápida possa melhorar a motivação e a persistência”, afirmou Johnson ao g1. Ela ressaltou, porém, que o estudo avaliou principalmente desfechos clínicos, e não os mecanismos psicológicos envolvidos na adesão ao tratamento. Além disso, a perda rápida de peso não deve ser indicada para todos os pacientes. Veja mais em #g1. #saúde #g1saúde #tiktoknotícias",https://www.tiktok.com/@g1/video/7645283336000195860,,
perder peso,18,59700,776,5,240,393,1.71,35,2026-05-14,pt,emilaine.s,214,"Deixa de fica pensando como perder peso,comece agora para de pensar amanhã #comece hj vida saudável",https://www.tiktok.com/@emilaine.s/video/7639855144586251541,,
perder peso,19,56800,1576,5,120,563,2.99,40,2026-01-27,pt,_santiagothaix,105200,Entro ao vivo pra treinar com vocês toda terça e quinta 19:30,https://www.tiktok.com/@_santiagothaix/video/7600192442561727762,,
perder peso,20,55400,1340,14,179,591,2.77,45,2023-12-08,un,mazinho.morais,116600,#DicaDeSaude🌺🙏🥝🍓🏃,https://www.tiktok.com/@mazinho.morais/video/7310373066192751878,"perder barriga, secar barriga",
perder peso,21,53100,1759,9,37,606,3.4,62,2024-01-02,un,saude.bem.estar2025,240,#frutasorganicas #comidasaudavel #dieta #malhar #saúdeemdias #comidasaudavelfacil #comidasaudavelfacil,https://www.tiktok.com/@saude.bem.estar2025/video/7319570464576195846,,
perder peso,22,49300,379,12,165,98,1.13,11,2026-02-10,pt,rayanemota8,247,Aos poucos vai dando certo ... 🙏🙌 #percadepeso #diabetes #saude #viral #viralvideo,https://www.tiktok.com/@rayanemota8/video/7605356125256502545,,
perder peso,23,46500,615,1,113,358,1.57,10,2026-03-29,pt,elis26118,371,"Se você quer melhorar sua rotina alimentar, olha isso 👇👀  Essas opções podem te ajudar a montar refeições mais equilibradas no dia a dia 🥗✨  Não é sobre restrição… é sobre escolhas inteligentes 💡  Comenta aqui: qual você já consome? 👇  #vidasaudavel #nutricao #fitness #bemestar #fyp",https://www.tiktok.com/@elis26118/video/7622747294676290836,,
perder peso,24,41700,1541,50,307,1015,4.55,22,2026-07-30,pt,amarinafonseca,44900,"🚨 DESAFIO DOS 20 MINUTOS 🚨  Quer acelerar a queima de calorias? Então faça essa sequência por 20 minutos, de onde você estiver.  ✔️ Faça os exercícios na ordem do vídeo. ✔️ Descanse até 10 segundos entre cada exercício. ✔️ Ao terminar a sequência, descanse 40 segundos e recomece. ✔️ Repita até completar os 20 minutos.  O resultado vem para quem é consistente. Faça hoje, faça amanhã e veja seu corpo responder.  Salve esse treino para não perder e envie para aquela amiga que vive dizendo que não tem tempo para treinar. 💪🔥  #emagrecer #treinoemcasa #treinofeminino",https://www.tiktok.com/@amarinafonseca/video/7668392711862455559,perder barriga,
perder peso,25,37900,708,7,34,373,1.98,13,2025-11-14,pt,ana.rotinafit,55,"Tô aprendendo que comer bem não é castigo, é cuidado 💗Tenho umas dicas pra passar pra vocês meninasss  ...  #emagrecimentosaudavel #vidareal #rotinasaudavel #foryoubrasil",https://www.tiktok.com/@ana.rotinafit/video/7572399115645029639,,
perder peso,26,32000,1203,59,217,520,4.62,92,2025-01-04,un,renatosilveiratop1,30400,,https://www.tiktok.com/@renatosilveiratop1/video/7455880635886898437,,
perder peso,27,30500,1258,10,178,195,4.74,51,2026-03-23,pt,saude.agora20,5729,Me siga para mais dicas saudáveis.   #vidasaudavel #saude,https://www.tiktok.com/@saude.agora20/video/7620472456926579989,,
perder peso,28,22400,1051,2,77,329,5.04,75,2025-08-15,pt,ramon_fit,2355,Faça isso e sua vida será outra! -Reanato Carinai  . . . . #alcoholismo #saude,https://www.tiktok.com/@ramon_fit/video/7538925829972036920,,
perder peso,29,21200,261,6,206,72,2.23,16,2026-03-07,pt,nova_mente7,7681,Processo de emagrecimento  #curiosidades  #antropologia #3d,https://www.tiktok.com/@nova_mente7/video/7614503052132797716,,
perder peso,30,20700,508,2,29,78,2.6,88,2026-07-23,un,df.filmes1,323500,#saúde #viral #saudeebemestarsempre #curiosidades #educação,https://www.tiktok.com/@df.filmes1/video/7665683388841397525,,
perder peso,31,19000,154,4,10,18,0.88,10,2026-07-04,pt,elaine.bemestar,6726,"@Elaine Magalhães De Camargo Andrews Camargo @elainemc.makeuphair   🚶‍♀️ Caminhar ou correr: qual realmente ajuda mais a emagrecer? 🔥  Muita gente escolhe o exercício pensando apenas em qual “queima mais gordura”. Mas a verdade é que o melhor resultado vem daquilo que você consegue fazer de forma consistente.  ✅ A corrida gasta mais calorias em menos tempo. ✅ A caminhada tem menor impacto, é mais acessível e pode ser praticada por muito mais pessoas.  No fim, o exercício ideal é aquele que cabe na sua rotina e que você consegue manter por meses, não apenas por alguns dias.  Lembre-se: nenhum treino faz milagres sozinho. Para perder gordura corporal, é fundamental combinar atividade física com uma alimentação equilibrada, sono de qualidade e bons hábitos.  👇 Agora participe: ❓Você prefere CAMINHAR ou CORRER? Escreva sua resposta nos comentários.  📌 Salve este post para consultar depois. 📤 Compartilhe com alguém que está tentando emagrecer. ❤️ Curta o conteúdo se ele foi útil. 👥 Siga o perfil para aprender mais sobre emagrecimento, nutrição, saúde e qualidade de vida sem complicação.  #Emagrecimento #PerdaDePeso #PerdaDeGordura #corrida #Caminhada",https://www.tiktok.com/@elaine.bemestar/video/7658702749248408853,,
perder peso,32,14400,248,33,117,88,2.76,648,2025-05-13,es,bajardepesoh,474100,enlace en mi perfil #rutasaludablefamosos #bajardepesoencasaestás #weightloss #perdergrasa #perderpesoemcasa,https://www.tiktok.com/@bajardepesoh/video/7503965340779465990,,
perder peso,33,10900,96,6,14,16,1.06,11,2024-03-28,un,secandoateoverao,59400,#emagrecimento #perderpeso #perderpesorapido #jejum #jejumintermitente #viral,https://www.tiktok.com/@secandoateoverao/video/7351494302951820549,,
perder peso,34,7151,200,0,83,27,3.96,91,2026-03-11,un,beto.tirzer,201,#saude #caminha #correr #bemestar #corpo,https://www.tiktok.com/@beto.tirzer/video/7616062367071685908,,
perder peso,35,6486,130,0,37,128,2.57,8,2026-08-18,es,metavidaline,31400,Quieres bajar de peso? Con estos ejercicios podrás bajar peso corporal sin crecer músculo. en tan solo 3 meses notarás como todo tu cuerpo adelgaza y se tonifica🤭🎀 #fit #fitness #bajardepeso #rutina #ejercicios,https://www.tiktok.com/@metavidaline/video/7675347837504294152,,
perder peso,36,4910,296,20,3,13,6.5,114,2026-08-22,un,melissataso,62000,Respondendo a @preta #dieta #emagrecimento #deficitcalorico #fyp #foryou,https://www.tiktok.com/@melissataso/video/7676826919492504852,,
perder peso,37,4071,131,0,7,56,3.39,53,2026-06-17,pt,doutordoshape1,5888,O MELHOR TREINO PARA EMAGRECER!@Doutor do Shape #viral #treino #emagrecer,https://www.tiktok.com/@doutordoshape1/video/7652407675946405141,,
perder peso,38,3644,333,1,3,19,9.25,77,2026-09-09,pt,saudeequalidadedevida_,229800,"Quer emagrecer? Déficit calórico não significa simplesmente comer o mínimo possível.  Primeiro, é importante estimar quanto seu corpo gasta ao longo do dia, considerando metabolismo basal, atividades diárias e exercícios. A partir disso, é possível estabelecer um déficit calórico adequado ao seu objetivo.  Para muitas pessoas, um déficit moderado, como algo próximo de 20%, pode ser um ponto de partida. Mas essa quantidade precisa ser individualizada.  Se você faz musculação e cardio, precisa continuar fornecendo energia e nutrientes suficientes para conseguir treinar bem. Proteínas ajudam na preservação da massa muscular, enquanto carboidratos são uma importante fonte de energia para o exercício. Frutas também podem fazer parte normalmente da dieta.  O whey não é obrigatório, mas pode facilitar o consumo diário de proteínas quando a alimentação sozinha não consegue atingir a meta.  Emagrecer não é comer cada vez menos. É criar um déficit que permita perder gordura sem destruir seu rendimento e sua rotina. #academiamotivação #treinofeminino #vidafitness #vidasaudavel #motivaçãodiária",https://www.tiktok.com/@saudeequalidadedevida_/video/7683318107296894226,,
perder peso,39,1152,10,0,3,6,1.13,19,2024-05-16,pt,vilasaude,1846,Quer um guia de receitas completo? Siga-nos e envie uma mensagem! #receita #perderpeso,https://www.tiktok.com/@vilasaude/video/7369719286434254085,,
perder peso,40,721,18,2,0,1,2.77,15,2024-09-04,un,perder.peso03,4596,,https://www.tiktok.com/@perder.peso03/video/7410831852711185669,,
perder peso,41,676,34,1,0,1,5.18,75,2026-08-26,pt,yasmingodoy.fit,947,"COMECE AGORA SEU PROJETO, MANDA “EU QUERO” NO DIRECT  #perdergordura #emagrecimento #dieta #perderpesoagora #emagrecimentosaudavel",https://www.tiktok.com/@yasmingodoy.fit/video/7678483030914223380,,
perder peso,42,163,4,0,0,1,2.45,45,2025-02-24,un,perder.peso03,4596,#secabarriga #chasecabarriga #emagrecerrapido,https://www.tiktok.com/@perder.peso03/video/7475069414937791749,,
perder peso,43,155,6,0,0,1,3.87,74,2024-09-01,un,perder.peso03,4596,,https://www.tiktok.com/@perder.peso03/video/7409774751280860422,,
