palavra,posicao,motivo,views,likes,comentarios,shares,salvos,engajamento_pct,duracao_s,data,idioma,autor,seguidores,texto,url,tambem_achado_por
perder barriga,21,fora do top 20 por views,189800,14600,109,1976,6878,8.79,94,2026-07-26,pt,timelibia,822800,Você topa emagrecer rápido em apenas 11 dias? 👇  #emagrecimento #perderbarrigaemcasa #treinoemcasa #perderbarrigafacil #perdergordura,https://www.tiktok.com/@timelibia/video/7666807888240774420,"secar barriga, perder peso"
perder barriga,22,fora do top 20 por views,175000,7599,48,2084,4660,5.56,37,2026-05-14,pt,diastase.maefithome,103300,TREINO AVANÇADO PRA DIÁSTASE USANDO A PAREDE DA SUA CASA #diastase #perderbarriga #posparto,https://www.tiktok.com/@diastase.maefithome/video/7639759874313686280,secar barriga
perder barriga,23,fora do top 20 por views,152500,6965,104,2199,2640,6.08,60,2026-06-06,un,alyne_maria,111400,,https://www.tiktok.com/@alyne_maria/video/7648319310955384085,secar barriga
perder barriga,24,fora do top 20 por views,114700,2052,10,208,1491,1.98,60,2026-03-30,un,vida.saudvel77,6914,#alimentacaosaudavel #jantar #cafe #fyp,https://www.tiktok.com/@vida.saudvel77/video/7623120860290813205,
perder barriga,25,fora do top 20 por views,100500,3091,19,963,925,4.05,68,2023-11-23,un,eusarado,74900,,https://www.tiktok.com/@eusarado/video/7304698080643796230,
perder barriga,26,fora do top 20 por views,100400,9969,182,1128,2563,11.23,134,2025-05-08,un,nutrigabrielamz,184700,#fy #barriga #perderbarriga #picosdeglicose #secarbarriga #emgagrecer #fyyyyyy,https://www.tiktok.com/@nutrigabrielamz/video/7502154462295919877,
perder barriga,27,fora do top 20 por views,85100,6731,72,1037,2360,9.21,102,2026-07-29,pt,timelibia,822800,Você topa emagrecer rápido em apenas 11 dias? 👇  #emagrecimento #perderbarrigaemcasa #treinoemcasa #perderbarrigafacil #perdergordura,https://www.tiktok.com/@timelibia/video/7667928238974733588,
perder barriga,28,fora do top 20 por views,68800,3004,426,497,823,5.71,106,2026-07-07,pt,drguilhermestefano,348800,Estradiol é vida pra mulher !,https://www.tiktok.com/@drguilhermestefano/video/7659869324827528455,secar barriga
perder barriga,29,fora do top 20 por views,67800,2059,8,465,1112,3.73,115,2026-08-21,pt,evelynogueiraa,257700,"Treino de ABDÔMEN em casa | 2 MINUTOS 🔥  Vem comigo nesse treino rápido de abdômen pra ativar a parte inferior, fortalecer o core e deixar a barriga durinha — tudo em apenas 2 MINUTOS  ⏱️💥  Treino: ✔️ Rápido e intenso ✔️ Sem equipamentos ✔️ Perfeito pra fazer em casa ✔️ Ideal pra quem quer abdômen definido  ⏱️ Protocolo: 20 segundos de execução 10 segundos de descanso Repete quantas rodadas conseguir 🔥  💡 Dica: foca na contração do abdômen e mantém o core firme o tempo todo  💾 Salva esse treino e faz comigo!  #treinodeabdomen #abdomenemcasa #abdomeninferior #coreforte #treinorapido",https://www.tiktok.com/@evelynogueiraa/video/7676498083336703253,secar barriga
perder barriga,30,fora do top 20 por views,67100,1677,18,1061,845,4.11,31,2026-07-20,un,bdisouza88,9262,#saudeebemestar #emagrecercomsaude,https://www.tiktok.com/@bdisouza88/video/7664412987851132181,"secar barriga, perder peso"
perder barriga,31,fora do top 20 por views,62500,1774,22,173,328,3.15,84,2026-08-13,pt,ana.grossipersonal,29400,"Você treina, se cuida, mas a pochete não sai do lugar? Talvez o problema não seja a dieta.  Dormir antes da meia-noite, respirar ativando seu abdômen profundo e parar de respirar pela boca são 3 mudanças simples que fazem muito mais diferença do que parece.  Não é força de vontade. É técnica.  Salva esse post e manda pra aquela amiga que treina e não vê resultado. Se eu consegui, você também consegue.  #anacarlagrossi #corefeminino #respiracaofuncional #abdomemfuncional",https://www.tiktok.com/@ana.grossipersonal/video/7673427611342605585,
perder barriga,32,fora do top 20 por views,55400,1340,14,179,591,2.77,45,2023-12-08,un,mazinho.morais,116600,#DicaDeSaude🌺🙏🥝🍓🏃,https://www.tiktok.com/@mazinho.morais/video/7310373066192751878,"secar barriga, perder peso"
perder barriga,33,fora do top 20 por views,49400,2193,15,484,1159,5.45,66,2026-07-24,pt,outlet_da_ju,155600,"🔥 Mais um treino para fortalecer o abdômen sem precisar de academia! Nesse vídeo eu mostro 3 exercícios simples que você pode fazer em casa usando apenas o peso do corpo. 💪 Faça cada movimento com calma e controle a execução do início ao fim. O segredo não é a velocidade, e sim manter a musculatura trabalhando durante todo o exercício. 📅 Tente repetir essa rotina 3 vezes por semana, entre segunda, quarta e sexta, respeitando os intervalos de descanso e o seu ritmo. 📌 Salva esse vídeo para fazer depois e compartilha com aquela amiga que também quer começar a treinar em casa. 💬 Me conta nos comentários: qual treino você quer ver no próximo vídeo? Glúteos, abdômen, coxas ou braços? 👇",https://www.tiktok.com/@outlet_da_ju/video/7666202602450767125,
perder barriga,34,fora do top 20 por views,45400,1871,22,342,1104,4.92,24,2026-08-29,pt,amaral_treinos,7955,"🔥 CARDIO PARA PERDER MUITAS CALORIAS 🔥  Uma sequência dinâmica, simples e intensa para você fazer em qualquer lugar! 💪🏽🔥  ✨ Polichinelo abre e fecha ✨ Agachamento com rotação de tronco ✨ Oblíquo em pé ✨ joelho alto ✨agachamento com salto  O segredo é manter o ritmo, ativar o corpo inteiro e dar o seu melhor em cada movimento! 🚀  💬 Você encararia essa sequência? Comenta aqui 👇🏽🔥  Salve esse vídeo para fazer depois e compartilhe com aquela pessoa que precisa se movimentar hoje! ❤️  #cardio #treinoemcasa #treinofitness #emagrecimento #treinofitness",https://www.tiktok.com/@amaral_treinos/video/7679525716714589461,secar barriga
perder barriga,35,fora do top 20 por views,41700,1541,50,307,1015,4.55,22,2026-07-30,pt,amarinafonseca,44900,"🚨 DESAFIO DOS 20 MINUTOS 🚨  Quer acelerar a queima de calorias? Então faça essa sequência por 20 minutos, de onde você estiver.  ✔️ Faça os exercícios na ordem do vídeo. ✔️ Descanse até 10 segundos entre cada exercício. ✔️ Ao terminar a sequência, descanse 40 segundos e recomece. ✔️ Repita até completar os 20 minutos.  O resultado vem para quem é consistente. Faça hoje, faça amanhã e veja seu corpo responder.  Salve esse treino para não perder e envie para aquela amiga que vive dizendo que não tem tempo para treinar. 💪🔥  #emagrecer #treinoemcasa #treinofeminino",https://www.tiktok.com/@amarinafonseca/video/7668392711862455559,perder peso
perder barriga,36,fora do top 20 por views,41000,1374,12,117,312,3.67,70,2024-04-15,pt,dicas.fitness.treino,7688,treino seca barriga |Olena  #treinofeminino #secabarriga #perderbarriga #perderbarrigafacil,https://www.tiktok.com/@dicas.fitness.treino/video/7358081951632248069,
perder barriga,37,fora do top 20 por views,39200,2900,24,515,1003,8.77,104,2026-08-13,pt,timelibia,822800,Você treina sozinha? 👇  #emagrecimento #perderbarrigaemcasa #treinoemcasa #perderbarrigafacil #perdergordura,https://www.tiktok.com/@timelibia/video/7673506013500394773,
perder barriga,38,fora do top 20 por views,31200,996,4,107,585,3.55,52,2025-01-31,un,marisareceitasfit,14200,,https://www.tiktok.com/@marisareceitasfit/video/7466139009929219333,secar barriga
perder barriga,39,fora do top 20 por views,29400,535,5,166,281,2.4,31,2025-11-06,un,vidasaudavel257,8194,#saudavel #saudeebemestar #autocuidado #receitafit #dieta,https://www.tiktok.com/@vidasaudavel257/video/7569693983069310215,secar barriga
perder barriga,40,fora do top 20 por views,28000,1178,28,400,564,5.74,55,2026-03-08,pt,anelisecampos.personal,2788,Salva e Marca aquela amiga que vai encarar esse HIIT com você! 🔥 . . 2 Rounds de um minuto cada exercício sem pausa e no segundo 40 segundos cada exercício. Bora?  . . #hiit #secabarriga #emagrecercomsaude #queimadiaria #treino,https://www.tiktok.com/@anelisecampos.personal/video/7615038203497647368,secar barriga
perder barriga,41,fora do top 20 por views,18800,573,7,100,390,3.62,42,2025-11-09,un,rafaelli_pereira,1907,#treinoemcasa #tiktokviral #foryoupage #fypシ,https://www.tiktok.com/@rafaelli_pereira/video/7570658067197480200,secar barriga
perder barriga,42,fora do top 20 por views,16900,588,24,162,309,4.58,26,2026-07-26,pt,amarinafonseca,44900,🔥 Bora secar a barriga?  30x joelhos alternados 30x puxada dinâmica 30x joelho alto dinâmico 30x agachamento completo  Repita a sequência 5x ou faça por 20 minutos.  Salve esse treino para fazer depois e envie para uma amiga que vai treinar com você. 💪  #emagrecer #fitness #treinofeminino,https://www.tiktok.com/@amarinafonseca/video/7666634794301738247,secar barriga
perder barriga,43,fora do top 20 por views,13900,297,9,27,228,2.4,142,2026-08-13,pt,flaebru.personal,150000,"Se você olha para a sua barriga e pensa “essa parte parece que nunca vai embora”, calma… você não precisa simplesmente aceitar isso. 👀 A famosa barriga avental pode incomodar bastante, principalmente quando existe excesso de gordura na região e a mulher também percebe uma alteração na parede abdominal depois da gestação. Mas antes de sair fazendo centenas de abdominais achando que vai resolver tudo… 😂 precisamos entender uma coisa. Nenhum exercício consegue escolher de onde o seu corpo vai retirar gordura. Para reduzir gordura corporal, o déficit calórico faz parte do processo. E o treino entra como uma peça importante dessa estratégia, ajudando você a gastar energia, estimular a musculatura e construir um corpo mais firme. 💪🏼 E quando existe diástase, a escolha dos exercícios e a forma de executá-los também merecem atenção. Não é sobre simplesmente “fechar a diástase” fazendo qualquer abdominal da internet. É preciso avaliar o caso e utilizar exercícios adequados, com segurança e progressão. É justamente por isso que nós não acreditamos em treino pronto e igual para todo mundo. Uma iniciante precisa de exercícios que façam sentido para o seu nível, para o seu objetivo e para as necessidades do seu corpo. ✨ Se você quer treinos específicos e seguros para trabalhar a diástase ao mesmo tempo em que busca reduzir gordura corporal, comenta EU QUERO. 👀",https://www.tiktok.com/@flaebru.personal/video/7673640659298815233,secar barriga
perder barriga,44,fora do top 20 por views,13000,228,0,8,68,1.82,13,2026-07-20,pt,treinododia16,109300,"Cardio pra Secar 🔥  Muita gente acha que para emagrecer precisa passar horas fazendo cardio.  Mas a verdade é que intensidade costuma ser mais importante do que duração.  Quando você alterna períodos de esforço alto com momentos de recuperação, o gasto calórico tende a ser maior do que em um cardio feito sempre no mesmo ritmo.  Por isso, antes de pensar em fazer mais tempo, pense em fazer melhor.  Salva esse post para testar no seu próximo treino.  #cardio #treino #treinofeminino #musculação",https://www.tiktok.com/@treinododia16/video/7664745691813547280,secar barriga
perder barriga,45,fora do top 20 por views,12600,669,11,89,294,6.1,166,2026-08-29,pt,ericasantos3831,142900,"Para definir abdômen, eliminar gordura abdominal faça dieta de déficit calórico, quanto menor seu percentual de gordura mais definido seu abdômen irá ficar 😉 . #vira #abs",https://www.tiktok.com/@ericasantos3831/video/7679519129891638536,secar barriga
perder barriga,46,fora do top 20 por views,8840,271,22,46,222,3.83,33,2026-04-18,pt,rebecca.diastase,2977,"Você ainda faz abdominal achando que vai “fechar” a diástase? 😳  Nem todo exercício fortalece… alguns só aumentam a pressão na barriga e afastam ainda mais o que já precisa de cuidado.  O que eu aplico é um método pensado para mães reais, que querem recuperar o abdômen com segurança, ativando o músculo certo e respeitando o tempo do corpo 💛  Não é sobre fazer mais força. É sobre fazer da forma correta.  Quando você aprende a ativar o core profundo, melhora a postura, a respiração e devolve firmeza para a barriga sem prejudicar seu corpo.  Resultado de verdade começa de dentro pra fora ✨  Se você quer aprender o caminho certo e parar de errar nos exercícios, comenta “EU QUERO” que eu te explico como funciona 👇🏻 #diastase #core #supermae #fyp #fy",https://www.tiktok.com/@rebecca.diastase/video/7630245499777404167,secar barriga
perder barriga,47,fora do top 20 por views,5926,245,2,27,157,4.62,60,2026-07-30,un,laboratoriohumano2,112700,#fatos #fatoscuriosos #viral #curiosidades #gordura,https://www.tiktok.com/@laboratoriohumano2/video/7668384438358871317,
perder barriga,48,fora do top 20 por views,2442,31,1,3,19,1.43,21,2026-08-02,pt,fakepeoplestayaway1,306600,"Aquela gordurinha da cintura não vai embora com abdominal sozinho...  A gordura localizada não escolhe onde vai sair. O que faz diferença é criar um ambiente para o seu corpo gastar mais energia: treinar com frequência, fortalecer a musculatura e manter hábitos consistentes.  Esses movimentos ajudam a ativar o abdômen, fortalecer o core e aumentar o gasto calórico da sua rotina.   E o melhor: podem ser feitos na cadeira, sem impacto e no seu ritmo. Se você está na menopausa e sente que a barriga ficou mais difícil de reduzir, não desista.   Com o treino certo e constância, seu corpo responde. ❤️  💬 Salve este vídeo para fazer depois e marque uma amiga que também quer diminuir a barriga treinando em casa.  #Menopausa #TreinoEmCasa #BarrigaNaMenopausa #Abdômen #QueimaDeGordura Mulheres40Mais SaúdeFeminina ExercícioEmCasa Core VidaAtiva",https://www.tiktok.com/@fakepeoplestayaway1/video/7669385391677443360,
perder barriga,49,fora do top 20 por views,1387,56,0,21,11,5.55,78,2026-01-18,pt,frutinhas2026,176,quer perde a barriga ??? #fitnes #saudavel,https://www.tiktok.com/@frutinhas2026/video/7596847241768307976,secar barriga
perder barriga,50,anúncio,10400,91,0,41,33,1.27,11,2026-07-01,pt,bruna.barbosa619,8742,Elástico Extensor de Exercícios Pull Reducer Multifuncional,https://www.tiktok.com/@bruna.barbosa619/video/7657567846461000981,
secar barriga,21,fora do top 20 por views,319900,8546,26,2439,5226,3.44,146,2026-07-24,pt,evelynogueiraa,257700,"Treino de ABDÔMEN em casa | 2 MINUTOS E MEIO🔥  Vem comigo nesse treino rápido de abdômen pra ativar a parte inferior, fortalecer o core e deixar a barriga durinha — tudo em apenas 2 MINUTOS E MEIO ⏱️💥  Treino: ✔️ Rápido e intenso ✔️ Sem equipamentos ✔️ Perfeito pra fazer em casa ✔️ Ideal pra quem quer abdômen definido  ⏱️ Protocolo: 20 segundos de execução 10 segundos de descanso Repete quantas rodadas conseguir 🔥  💡 Dica: foca na contração do abdômen e mantém o core firme o tempo todo  💾 Salva esse treino e faz comigo!  #treinodeabdomen #abdomenemcasa #abdomeninferior #coreforte #treinorapido",https://www.tiktok.com/@evelynogueiraa/video/7666115936126242069,
secar barriga,22,fora do top 20 por views,307600,5507,65,2019,948,2.47,60,2026-05-26,pt,canaldagil1,322500,cárdio,https://www.tiktok.com/@canaldagil1/video/7644284691582848263,
secar barriga,23,fora do top 20 por views,293100,9614,42,1562,8832,3.83,24,2026-09-01,un,gymtrainer81,196000,#foryoupage❤️❤️ #trendingvideo #unfreezemyaccaunt🙏🙏🙏 #unfreezemyacount #gymtrainers,https://www.tiktok.com/@gymtrainer81/video/7680490421004324116,perder barriga
secar barriga,24,fora do top 20 por views,189800,14600,109,1976,6878,8.79,94,2026-07-26,pt,timelibia,822800,Você topa emagrecer rápido em apenas 11 dias? 👇  #emagrecimento #perderbarrigaemcasa #treinoemcasa #perderbarrigafacil #perdergordura,https://www.tiktok.com/@timelibia/video/7666807888240774420,"perder barriga, perder peso"
secar barriga,25,fora do top 20 por views,175000,7599,48,2084,4660,5.56,37,2026-05-14,pt,diastase.maefithome,103300,TREINO AVANÇADO PRA DIÁSTASE USANDO A PAREDE DA SUA CASA #diastase #perderbarriga #posparto,https://www.tiktok.com/@diastase.maefithome/video/7639759874313686280,perder barriga
secar barriga,26,fora do top 20 por views,152500,6965,104,2199,2640,6.08,60,2026-06-06,un,alyne_maria,111400,,https://www.tiktok.com/@alyne_maria/video/7648319310955384085,perder barriga
secar barriga,27,fora do top 20 por views,117200,3103,16,607,1938,3.18,161,2026-08-19,en,pilateswithdaniela,43600,"4 Moves to Sculpt Your Core at Home 🔥A quick core & waist routine you can do anywhere • No equipment Repeat for 3–4 sets, or pair it with a 5–10 min booty & legs workout. Want more abs? Combine it with another quick abs routine from my page for a full abs workout ✨ Want to work out with me? Find my full Pilates workouts on YouTube — link in bio! #homeworkoutsforwomen #pilatesworkout #flatabs #absworkout #homeworkout",https://www.tiktok.com/@pilateswithdaniela/video/7675675074598341910,
secar barriga,28,fora do top 20 por views,98500,5384,97,2160,725,7.76,94,2026-01-11,pt,rocharenato.rr,1200000,"Mãe, segue o personal das mamães pra secar a barriga sem academia 😍😱",https://www.tiktok.com/@rocharenato.rr/video/7594134812579925266,
secar barriga,29,fora do top 20 por views,95500,5454,250,2076,1457,8.15,127,2026-07-14,pt,rocharenato.rr,1200000,Me segue aqui para aprender como secar a barriga 😍❤️🙋‍♀️,https://www.tiktok.com/@rocharenato.rr/video/7662415097708530952,
secar barriga,30,fora do top 20 por views,75600,3226,38,336,449,4.76,19,2026-08-25,pt,corte_dos_caras,11500,"🔥 QUER PERDER GORDURA VISCERAL? TALVEZ VOCÊ ESTEJA PRIORIZANDO O CARDIO DEMAIS!  Quando o objetivo é reduzir gordura visceral, a musculação pode ser uma das estratégias mais importantes. 💪  O cardio tem seu papel — principalmente no gasto energético e na redução de gordura corporal — mas não significa que ele seja automaticamente a melhor ferramenta para tudo.  👉 E você: prioriza musculação ou cardio quando o objetivo é perder gordura?  Salva esse corte e manda pra aquele amigo que só faz esteira quando quer secar! 😂  #treino #fitness #maromba #gymtok #testosterone @paulomuzy",https://www.tiktok.com/@corte_dos_caras/video/7677994503927696661,
secar barriga,31,fora do top 20 por views,68800,3004,426,497,823,5.71,106,2026-07-07,pt,drguilhermestefano,348800,Estradiol é vida pra mulher !,https://www.tiktok.com/@drguilhermestefano/video/7659869324827528455,perder barriga
secar barriga,32,fora do top 20 por views,67800,2059,8,465,1112,3.73,115,2026-08-21,pt,evelynogueiraa,257700,"Treino de ABDÔMEN em casa | 2 MINUTOS 🔥  Vem comigo nesse treino rápido de abdômen pra ativar a parte inferior, fortalecer o core e deixar a barriga durinha — tudo em apenas 2 MINUTOS  ⏱️💥  Treino: ✔️ Rápido e intenso ✔️ Sem equipamentos ✔️ Perfeito pra fazer em casa ✔️ Ideal pra quem quer abdômen definido  ⏱️ Protocolo: 20 segundos de execução 10 segundos de descanso Repete quantas rodadas conseguir 🔥  💡 Dica: foca na contração do abdômen e mantém o core firme o tempo todo  💾 Salva esse treino e faz comigo!  #treinodeabdomen #abdomenemcasa #abdomeninferior #coreforte #treinorapido",https://www.tiktok.com/@evelynogueiraa/video/7676498083336703253,perder barriga
secar barriga,33,fora do top 20 por views,67100,1677,18,1061,845,4.11,31,2026-07-20,un,bdisouza88,9262,#saudeebemestar #emagrecercomsaude,https://www.tiktok.com/@bdisouza88/video/7664412987851132181,"perder barriga, perder peso"
secar barriga,34,fora do top 20 por views,59600,2700,44,478,815,5.41,17,2026-08-22,un,receitadadelfina,557400,#anosatrás #angola🇦🇴portugal🇵🇹brasil🇧🇷 #angola🇦🇴portugal🇵🇹brasil🇧🇷,https://www.tiktok.com/@receitadadelfina/video/7676663967539809554,
secar barriga,35,fora do top 20 por views,55400,1340,14,179,591,2.77,45,2023-12-08,un,mazinho.morais,116600,#DicaDeSaude🌺🙏🥝🍓🏃,https://www.tiktok.com/@mazinho.morais/video/7310373066192751878,"perder barriga, perder peso"
secar barriga,36,fora do top 20 por views,45400,1871,22,342,1104,4.92,24,2026-08-29,pt,amaral_treinos,7955,"🔥 CARDIO PARA PERDER MUITAS CALORIAS 🔥  Uma sequência dinâmica, simples e intensa para você fazer em qualquer lugar! 💪🏽🔥  ✨ Polichinelo abre e fecha ✨ Agachamento com rotação de tronco ✨ Oblíquo em pé ✨ joelho alto ✨agachamento com salto  O segredo é manter o ritmo, ativar o corpo inteiro e dar o seu melhor em cada movimento! 🚀  💬 Você encararia essa sequência? Comenta aqui 👇🏽🔥  Salve esse vídeo para fazer depois e compartilhe com aquela pessoa que precisa se movimentar hoje! ❤️  #cardio #treinoemcasa #treinofitness #emagrecimento #treinofitness",https://www.tiktok.com/@amaral_treinos/video/7679525716714589461,perder barriga
secar barriga,37,fora do top 20 por views,45100,4451,192,1366,800,13.32,122,2026-07-27,pt,rocharenato.rr,1200000,"Mãe, segue o personal das mamães pra aprender a secar sua barriga independente da sua idade",https://www.tiktok.com/@rocharenato.rr/video/7667179691228400903,
secar barriga,38,fora do top 20 por views,31200,996,4,107,585,3.55,52,2025-01-31,un,marisareceitasfit,14200,,https://www.tiktok.com/@marisareceitasfit/video/7466139009929219333,perder barriga
secar barriga,39,fora do top 20 por views,29400,535,5,166,281,2.4,31,2025-11-06,un,vidasaudavel257,8194,#saudavel #saudeebemestar #autocuidado #receitafit #dieta,https://www.tiktok.com/@vidasaudavel257/video/7569693983069310215,perder barriga
secar barriga,40,fora do top 20 por views,28000,1178,28,400,564,5.74,55,2026-03-08,pt,anelisecampos.personal,2788,Salva e Marca aquela amiga que vai encarar esse HIIT com você! 🔥 . . 2 Rounds de um minuto cada exercício sem pausa e no segundo 40 segundos cada exercício. Bora?  . . #hiit #secabarriga #emagrecercomsaude #queimadiaria #treino,https://www.tiktok.com/@anelisecampos.personal/video/7615038203497647368,perder barriga
secar barriga,41,fora do top 20 por views,18800,573,7,100,390,3.62,42,2025-11-09,un,rafaelli_pereira,1907,#treinoemcasa #tiktokviral #foryoupage #fypシ,https://www.tiktok.com/@rafaelli_pereira/video/7570658067197480200,perder barriga
secar barriga,42,fora do top 20 por views,16900,588,24,162,309,4.58,26,2026-07-26,pt,amarinafonseca,44900,🔥 Bora secar a barriga?  30x joelhos alternados 30x puxada dinâmica 30x joelho alto dinâmico 30x agachamento completo  Repita a sequência 5x ou faça por 20 minutos.  Salve esse treino para fazer depois e envie para uma amiga que vai treinar com você. 💪  #emagrecer #fitness #treinofeminino,https://www.tiktok.com/@amarinafonseca/video/7666634794301738247,perder barriga
secar barriga,43,fora do top 20 por views,13900,297,9,27,228,2.4,142,2026-08-13,pt,flaebru.personal,150000,"Se você olha para a sua barriga e pensa “essa parte parece que nunca vai embora”, calma… você não precisa simplesmente aceitar isso. 👀 A famosa barriga avental pode incomodar bastante, principalmente quando existe excesso de gordura na região e a mulher também percebe uma alteração na parede abdominal depois da gestação. Mas antes de sair fazendo centenas de abdominais achando que vai resolver tudo… 😂 precisamos entender uma coisa. Nenhum exercício consegue escolher de onde o seu corpo vai retirar gordura. Para reduzir gordura corporal, o déficit calórico faz parte do processo. E o treino entra como uma peça importante dessa estratégia, ajudando você a gastar energia, estimular a musculatura e construir um corpo mais firme. 💪🏼 E quando existe diástase, a escolha dos exercícios e a forma de executá-los também merecem atenção. Não é sobre simplesmente “fechar a diástase” fazendo qualquer abdominal da internet. É preciso avaliar o caso e utilizar exercícios adequados, com segurança e progressão. É justamente por isso que nós não acreditamos em treino pronto e igual para todo mundo. Uma iniciante precisa de exercícios que façam sentido para o seu nível, para o seu objetivo e para as necessidades do seu corpo. ✨ Se você quer treinos específicos e seguros para trabalhar a diástase ao mesmo tempo em que busca reduzir gordura corporal, comenta EU QUERO. 👀",https://www.tiktok.com/@flaebru.personal/video/7673640659298815233,perder barriga
secar barriga,44,fora do top 20 por views,13000,228,0,8,68,1.82,13,2026-07-20,pt,treinododia16,109300,"Cardio pra Secar 🔥  Muita gente acha que para emagrecer precisa passar horas fazendo cardio.  Mas a verdade é que intensidade costuma ser mais importante do que duração.  Quando você alterna períodos de esforço alto com momentos de recuperação, o gasto calórico tende a ser maior do que em um cardio feito sempre no mesmo ritmo.  Por isso, antes de pensar em fazer mais tempo, pense em fazer melhor.  Salva esse post para testar no seu próximo treino.  #cardio #treino #treinofeminino #musculação",https://www.tiktok.com/@treinododia16/video/7664745691813547280,perder barriga
secar barriga,45,fora do top 20 por views,12600,669,11,89,294,6.1,166,2026-08-29,pt,ericasantos3831,142900,"Para definir abdômen, eliminar gordura abdominal faça dieta de déficit calórico, quanto menor seu percentual de gordura mais definido seu abdômen irá ficar 😉 . #vira #abs",https://www.tiktok.com/@ericasantos3831/video/7679519129891638536,perder barriga
secar barriga,46,fora do top 20 por views,8887,98,2,24,38,1.4,18,2026-05-05,un,mariysilva448,435,,https://www.tiktok.com/@mariysilva448/video/7636222927578352903,
secar barriga,47,fora do top 20 por views,8840,271,22,46,222,3.83,33,2026-04-18,pt,rebecca.diastase,2977,"Você ainda faz abdominal achando que vai “fechar” a diástase? 😳  Nem todo exercício fortalece… alguns só aumentam a pressão na barriga e afastam ainda mais o que já precisa de cuidado.  O que eu aplico é um método pensado para mães reais, que querem recuperar o abdômen com segurança, ativando o músculo certo e respeitando o tempo do corpo 💛  Não é sobre fazer mais força. É sobre fazer da forma correta.  Quando você aprende a ativar o core profundo, melhora a postura, a respiração e devolve firmeza para a barriga sem prejudicar seu corpo.  Resultado de verdade começa de dentro pra fora ✨  Se você quer aprender o caminho certo e parar de errar nos exercícios, comenta “EU QUERO” que eu te explico como funciona 👇🏻 #diastase #core #supermae #fyp #fy",https://www.tiktok.com/@rebecca.diastase/video/7630245499777404167,perder barriga
secar barriga,48,fora do top 20 por views,6343,198,31,10,16,3.77,28,2026-07-16,pt,c0rtes_renato,17200,EU QUERO EXPLICAR PRA VOCÊ COMO FUNCIONA O DESAFIO? #secabarriga #emagrecimento #Desafio15dias #RenatoCariani,https://www.tiktok.com/@c0rtes_renato/video/7663188811148528903,
secar barriga,49,fora do top 20 por views,4019,146,6,43,31,4.85,61,2025-10-05,un,saudeutilidades,2258,,https://www.tiktok.com/@saudeutilidades/video/7557540423397363000,
secar barriga,50,fora do top 20 por views,1387,56,0,21,11,5.55,78,2026-01-18,pt,frutinhas2026,176,quer perde a barriga ??? #fitnes #saudavel,https://www.tiktok.com/@frutinhas2026/video/7596847241768307976,perder barriga
perder peso,21,fora do top 20 por views,53100,1759,9,37,606,3.4,62,2024-01-02,un,saude.bem.estar2025,240,#frutasorganicas #comidasaudavel #dieta #malhar #saúdeemdias #comidasaudavelfacil #comidasaudavelfacil,https://www.tiktok.com/@saude.bem.estar2025/video/7319570464576195846,
perder peso,22,fora do top 20 por views,49300,379,12,165,98,1.13,11,2026-02-10,pt,rayanemota8,247,Aos poucos vai dando certo ... 🙏🙌 #percadepeso #diabetes #saude #viral #viralvideo,https://www.tiktok.com/@rayanemota8/video/7605356125256502545,
perder peso,23,fora do top 20 por views,46500,615,1,113,358,1.57,10,2026-03-29,pt,elis26118,371,"Se você quer melhorar sua rotina alimentar, olha isso 👇👀  Essas opções podem te ajudar a montar refeições mais equilibradas no dia a dia 🥗✨  Não é sobre restrição… é sobre escolhas inteligentes 💡  Comenta aqui: qual você já consome? 👇  #vidasaudavel #nutricao #fitness #bemestar #fyp",https://www.tiktok.com/@elis26118/video/7622747294676290836,
perder peso,24,fora do top 20 por views,41700,1541,50,307,1015,4.55,22,2026-07-30,pt,amarinafonseca,44900,"🚨 DESAFIO DOS 20 MINUTOS 🚨  Quer acelerar a queima de calorias? Então faça essa sequência por 20 minutos, de onde você estiver.  ✔️ Faça os exercícios na ordem do vídeo. ✔️ Descanse até 10 segundos entre cada exercício. ✔️ Ao terminar a sequência, descanse 40 segundos e recomece. ✔️ Repita até completar os 20 minutos.  O resultado vem para quem é consistente. Faça hoje, faça amanhã e veja seu corpo responder.  Salve esse treino para não perder e envie para aquela amiga que vive dizendo que não tem tempo para treinar. 💪🔥  #emagrecer #treinoemcasa #treinofeminino",https://www.tiktok.com/@amarinafonseca/video/7668392711862455559,perder barriga
perder peso,25,fora do top 20 por views,37900,708,7,34,373,1.98,13,2025-11-14,pt,ana.rotinafit,55,"Tô aprendendo que comer bem não é castigo, é cuidado 💗Tenho umas dicas pra passar pra vocês meninasss  ...  #emagrecimentosaudavel #vidareal #rotinasaudavel #foryoubrasil",https://www.tiktok.com/@ana.rotinafit/video/7572399115645029639,
perder peso,26,fora do top 20 por views,32000,1203,59,217,520,4.62,92,2025-01-04,un,renatosilveiratop1,30400,,https://www.tiktok.com/@renatosilveiratop1/video/7455880635886898437,
perder peso,27,fora do top 20 por views,30500,1258,10,178,195,4.74,51,2026-03-23,pt,saude.agora20,5729,Me siga para mais dicas saudáveis.   #vidasaudavel #saude,https://www.tiktok.com/@saude.agora20/video/7620472456926579989,
perder peso,28,fora do top 20 por views,22400,1051,2,77,329,5.04,75,2025-08-15,pt,ramon_fit,2355,Faça isso e sua vida será outra! -Reanato Carinai  . . . . #alcoholismo #saude,https://www.tiktok.com/@ramon_fit/video/7538925829972036920,
perder peso,29,fora do top 20 por views,21200,261,6,206,72,2.23,16,2026-03-07,pt,nova_mente7,7681,Processo de emagrecimento  #curiosidades  #antropologia #3d,https://www.tiktok.com/@nova_mente7/video/7614503052132797716,
perder peso,30,fora do top 20 por views,20700,508,2,29,78,2.6,88,2026-07-23,un,df.filmes1,323500,#saúde #viral #saudeebemestarsempre #curiosidades #educação,https://www.tiktok.com/@df.filmes1/video/7665683388841397525,
perder peso,31,fora do top 20 por views,19000,154,4,10,18,0.88,10,2026-07-04,pt,elaine.bemestar,6726,"@Elaine Magalhães De Camargo Andrews Camargo @elainemc.makeuphair   🚶‍♀️ Caminhar ou correr: qual realmente ajuda mais a emagrecer? 🔥  Muita gente escolhe o exercício pensando apenas em qual “queima mais gordura”. Mas a verdade é que o melhor resultado vem daquilo que você consegue fazer de forma consistente.  ✅ A corrida gasta mais calorias em menos tempo. ✅ A caminhada tem menor impacto, é mais acessível e pode ser praticada por muito mais pessoas.  No fim, o exercício ideal é aquele que cabe na sua rotina e que você consegue manter por meses, não apenas por alguns dias.  Lembre-se: nenhum treino faz milagres sozinho. Para perder gordura corporal, é fundamental combinar atividade física com uma alimentação equilibrada, sono de qualidade e bons hábitos.  👇 Agora participe: ❓Você prefere CAMINHAR ou CORRER? Escreva sua resposta nos comentários.  📌 Salve este post para consultar depois. 📤 Compartilhe com alguém que está tentando emagrecer. ❤️ Curta o conteúdo se ele foi útil. 👥 Siga o perfil para aprender mais sobre emagrecimento, nutrição, saúde e qualidade de vida sem complicação.  #Emagrecimento #PerdaDePeso #PerdaDeGordura #corrida #Caminhada",https://www.tiktok.com/@elaine.bemestar/video/7658702749248408853,
perder peso,32,fora do top 20 por views,14400,248,33,117,88,2.76,648,2025-05-13,es,bajardepesoh,474100,enlace en mi perfil #rutasaludablefamosos #bajardepesoencasaestás #weightloss #perdergrasa #perderpesoemcasa,https://www.tiktok.com/@bajardepesoh/video/7503965340779465990,
perder peso,33,fora do top 20 por views,10900,96,6,14,16,1.06,11,2024-03-28,un,secandoateoverao,59400,#emagrecimento #perderpeso #perderpesorapido #jejum #jejumintermitente #viral,https://www.tiktok.com/@secandoateoverao/video/7351494302951820549,
perder peso,34,fora do top 20 por views,7151,200,0,83,27,3.96,91,2026-03-11,un,beto.tirzer,201,#saude #caminha #correr #bemestar #corpo,https://www.tiktok.com/@beto.tirzer/video/7616062367071685908,
perder peso,35,fora do top 20 por views,6486,130,0,37,128,2.57,8,2026-08-18,es,metavidaline,31400,Quieres bajar de peso? Con estos ejercicios podrás bajar peso corporal sin crecer músculo. en tan solo 3 meses notarás como todo tu cuerpo adelgaza y se tonifica🤭🎀 #fit #fitness #bajardepeso #rutina #ejercicios,https://www.tiktok.com/@metavidaline/video/7675347837504294152,
perder peso,36,fora do top 20 por views,4910,296,20,3,13,6.5,114,2026-08-22,un,melissataso,62000,Respondendo a @preta #dieta #emagrecimento #deficitcalorico #fyp #foryou,https://www.tiktok.com/@melissataso/video/7676826919492504852,
perder peso,37,fora do top 20 por views,4071,131,0,7,56,3.39,53,2026-06-17,pt,doutordoshape1,5888,O MELHOR TREINO PARA EMAGRECER!@Doutor do Shape #viral #treino #emagrecer,https://www.tiktok.com/@doutordoshape1/video/7652407675946405141,
perder peso,38,fora do top 20 por views,3644,333,1,3,19,9.25,77,2026-09-09,pt,saudeequalidadedevida_,229800,"Quer emagrecer? Déficit calórico não significa simplesmente comer o mínimo possível.  Primeiro, é importante estimar quanto seu corpo gasta ao longo do dia, considerando metabolismo basal, atividades diárias e exercícios. A partir disso, é possível estabelecer um déficit calórico adequado ao seu objetivo.  Para muitas pessoas, um déficit moderado, como algo próximo de 20%, pode ser um ponto de partida. Mas essa quantidade precisa ser individualizada.  Se você faz musculação e cardio, precisa continuar fornecendo energia e nutrientes suficientes para conseguir treinar bem. Proteínas ajudam na preservação da massa muscular, enquanto carboidratos são uma importante fonte de energia para o exercício. Frutas também podem fazer parte normalmente da dieta.  O whey não é obrigatório, mas pode facilitar o consumo diário de proteínas quando a alimentação sozinha não consegue atingir a meta.  Emagrecer não é comer cada vez menos. É criar um déficit que permita perder gordura sem destruir seu rendimento e sua rotina. #academiamotivação #treinofeminino #vidafitness #vidasaudavel #motivaçãodiária",https://www.tiktok.com/@saudeequalidadedevida_/video/7683318107296894226,
perder peso,39,fora do top 20 por views,1152,10,0,3,6,1.13,19,2024-05-16,pt,vilasaude,1846,Quer um guia de receitas completo? Siga-nos e envie uma mensagem! #receita #perderpeso,https://www.tiktok.com/@vilasaude/video/7369719286434254085,
perder peso,40,fora do top 20 por views,721,18,2,0,1,2.77,15,2024-09-04,un,perder.peso03,4596,,https://www.tiktok.com/@perder.peso03/video/7410831852711185669,
perder peso,41,fora do top 20 por views,676,34,1,0,1,5.18,75,2026-08-26,pt,yasmingodoy.fit,947,"COMECE AGORA SEU PROJETO, MANDA “EU QUERO” NO DIRECT  #perdergordura #emagrecimento #dieta #perderpesoagora #emagrecimentosaudavel",https://www.tiktok.com/@yasmingodoy.fit/video/7678483030914223380,
perder peso,42,fora do top 20 por views,163,4,0,0,1,2.45,45,2025-02-24,un,perder.peso03,4596,#secabarriga #chasecabarriga #emagrecerrapido,https://www.tiktok.com/@perder.peso03/video/7475069414937791749,
perder peso,43,fora do top 20 por views,155,6,0,0,1,3.87,74,2024-09-01,un,perder.peso03,4596,,https://www.tiktok.com/@perder.peso03/video/7409774751280860422,
